"reference_id","source_resource_key","json_pointer","native_reference","target_resource_key","resolution"
"1","Patient/example","/managingOrganization/reference","Organization/1","Organization/1","local"
"2","Patient/f001","/managingOrganization/reference","Organization/f001","Organization/f001","local"
"3","Organization/f002","/partOf/reference","Organization/f001","Organization/f001","local"
"4","Encounter/example","/subject/reference","Patient/example","Patient/example","local"
"5","Observation/f001","/subject/reference","Patient/f001","Patient/f001","local"
"6","Observation/f001","/performer/0/reference","Practitioner/f005","Practitioner/f005","local"
"7","Observation/f002","/subject/reference","Patient/f001","Patient/f001","local"
"8","Observation/f002","/performer/0/reference","Practitioner/f005","Practitioner/f005","local"
"9","Observation/f003","/subject/reference","Patient/f001","Patient/f001","local"
"10","Observation/f003","/performer/0/reference","Practitioner/f005","Practitioner/f005","local"
"11","Observation/f004","/subject/reference","Patient/f001","Patient/f001","local"
"12","Observation/f004","/performer/0/reference","Practitioner/f005","Practitioner/f005","local"
"13","Observation/f005","/subject/reference","Patient/f001","Patient/f001","local"
"14","Observation/f005","/performer/0/reference","Practitioner/f005","Practitioner/f005","local"
"15","Observation/body-height","/subject/reference","Patient/example","Patient/example","local"
"16","Observation/heart-rate","/subject/reference","Patient/example","Patient/example","local"
"17","Observation/respiratory-rate","/subject/reference","Patient/example","Patient/example","local"
