reference_key,resource_key,native_path,native_reference,target_key
hl7::Claim/100150/patient/reference,hl7::Claim/100150,/patient/reference,Patient/1,\N
hl7::Claim/100150/insurer/reference,hl7::Claim/100150,/insurer/reference,Organization/2,\N
hl7::Claim/100150/provider/reference,hl7::Claim/100150,/provider/reference,Organization/1,\N
hl7::Claim/100150/careTeam/0/provider/reference,hl7::Claim/100150,/careTeam/0/provider/reference,Practitioner/example,\N
hl7::Claim/100150/insurance/0/coverage/reference,hl7::Claim/100150,/insurance/0/coverage/reference,Coverage/9876B1,hl7::Coverage/9876B1
hl7::ClaimResponse/R3500/patient/reference,hl7::ClaimResponse/R3500,/patient/reference,Patient/1,\N
hl7::ClaimResponse/R3500/requestor/reference,hl7::ClaimResponse/R3500,/requestor/reference,Organization/1,\N
hl7::ClaimResponse/R3500/request/reference,hl7::ClaimResponse/R3500,/request/reference,http://www.BenefitsInc.com/fhir/oralhealthclaim/15476332402,\N
hl7::Coverage/9876B1/policyHolder/reference,hl7::Coverage/9876B1,/policyHolder/reference,http://benefitsinc.com/FHIR/Organization/CBI35,\N
hl7::Coverage/9876B1/subscriber/reference,hl7::Coverage/9876B1,/subscriber/reference,Patient/4,\N
hl7::Coverage/9876B1/beneficiary/reference,hl7::Coverage/9876B1,/beneficiary/reference,Patient/4,\N
hl7::Coverage/9876B1/payor/0/reference,hl7::Coverage/9876B1,/payor/0/reference,Organization/2,\N
hl7::CoverageEligibilityRequest/52345/patient/reference,hl7::CoverageEligibilityRequest/52345,/patient/reference,Patient/pat1,\N
hl7::CoverageEligibilityRequest/52345/provider/reference,hl7::CoverageEligibilityRequest/52345,/provider/reference,Organization/1,\N
hl7::CoverageEligibilityRequest/52345/insurer/reference,hl7::CoverageEligibilityRequest/52345,/insurer/reference,Organization/2,\N
hl7::CoverageEligibilityRequest/52345/insurance/0/coverage/reference,hl7::CoverageEligibilityRequest/52345,/insurance/0/coverage/reference,Coverage/9876B1,hl7::Coverage/9876B1
hl7::CoverageEligibilityResponse/E2500/patient/reference,hl7::CoverageEligibilityResponse/E2500,/patient/reference,Patient/pat1,\N
hl7::CoverageEligibilityResponse/E2500/request/reference,hl7::CoverageEligibilityResponse/E2500,/request/reference,http://www.BenefitsInc.com/fhir/coverageeligibilityrequest/225476332402,\N
hl7::CoverageEligibilityResponse/E2500/insurer/reference,hl7::CoverageEligibilityResponse/E2500,/insurer/reference,Organization/2,\N
hl7::CoverageEligibilityResponse/E2500/insurance/0/coverage/reference,hl7::CoverageEligibilityResponse/E2500,/insurance/0/coverage/reference,Coverage/9876B1,hl7::Coverage/9876B1
hl7::EnrollmentRequest/22345/insurer/reference,hl7::EnrollmentRequest/22345,/insurer/reference,Organization/2,\N
hl7::EnrollmentRequest/22345/provider/reference,hl7::EnrollmentRequest/22345,/provider/reference,Organization/1,\N
hl7::EnrollmentRequest/22345/candidate/reference,hl7::EnrollmentRequest/22345,/candidate/reference,Patient/1,\N
hl7::EnrollmentRequest/22345/coverage/reference,hl7::EnrollmentRequest/22345,/coverage/reference,Coverage/9876B1,hl7::Coverage/9876B1
hl7::ExplanationOfBenefit/EB3500/patient/reference,hl7::ExplanationOfBenefit/EB3500,/patient/reference,Patient/pat1,\N
hl7::ExplanationOfBenefit/EB3500/enterer/reference,hl7::ExplanationOfBenefit/EB3500,/enterer/reference,Practitioner/1,\N
hl7::ExplanationOfBenefit/EB3500/insurer/reference,hl7::ExplanationOfBenefit/EB3500,/insurer/reference,Organization/3,\N
hl7::ExplanationOfBenefit/EB3500/provider/reference,hl7::ExplanationOfBenefit/EB3500,/provider/reference,Practitioner/1,\N
hl7::ExplanationOfBenefit/EB3500/payee/party/reference,hl7::ExplanationOfBenefit/EB3500,/payee/party/reference,Organization/2,\N
hl7::ExplanationOfBenefit/EB3500/facility/reference,hl7::ExplanationOfBenefit/EB3500,/facility/reference,Location/1,\N
hl7::ExplanationOfBenefit/EB3500/claim/reference,hl7::ExplanationOfBenefit/EB3500,/claim/reference,Claim/100150,hl7::Claim/100150
hl7::ExplanationOfBenefit/EB3500/claimResponse/reference,hl7::ExplanationOfBenefit/EB3500,/claimResponse/reference,ClaimResponse/R3500,hl7::ClaimResponse/R3500
hl7::ExplanationOfBenefit/EB3500/careTeam/0/provider/reference,hl7::ExplanationOfBenefit/EB3500,/careTeam/0/provider/reference,Practitioner/example,\N
hl7::ExplanationOfBenefit/EB3500/insurance/0/coverage/reference,hl7::ExplanationOfBenefit/EB3500,/insurance/0/coverage/reference,Coverage/9876B1,hl7::Coverage/9876B1
hl7::ExplanationOfBenefit/EB3500/item/0/udi/0/reference,hl7::ExplanationOfBenefit/EB3500,/item/0/udi/0/reference,Device/example,\N
hl7::ExplanationOfBenefit/EB3500/item/0/encounter/0/reference,hl7::ExplanationOfBenefit/EB3500,/item/0/encounter/0/reference,Encounter/example,\N
hl7::ExplanationOfBenefit/EB3500/item/1/detail/0/udi/0/reference,hl7::ExplanationOfBenefit/EB3500,/item/1/detail/0/udi/0/reference,Device/example,\N
hl7::ExplanationOfBenefit/EB3500/item/1/detail/0/subDetail/0/udi/0/reference,hl7::ExplanationOfBenefit/EB3500,/item/1/detail/0/subDetail/0/udi/0/reference,Device/example,\N
hl7::PaymentReconciliation/ER2500/paymentIssuer/reference,hl7::PaymentReconciliation/ER2500,/paymentIssuer/reference,Organization/2,\N
hl7::PaymentReconciliation/ER2500/request/reference,hl7::PaymentReconciliation/ER2500,/request/reference,http://www.BenefitsInc.com/fhir/eligibility/225476332402,\N
hl7::PaymentReconciliation/ER2500/requestor/reference,hl7::PaymentReconciliation/ER2500,/requestor/reference,Organization/1,\N
hl7::PaymentReconciliation/ER2500/detail/0/submitter/reference,hl7::PaymentReconciliation/ER2500,/detail/0/submitter/reference,Organization/1,\N
hl7::PaymentReconciliation/ER2500/detail/0/payee/reference,hl7::PaymentReconciliation/ER2500,/detail/0/payee/reference,Organization/1,\N
hl7::PaymentReconciliation/ER2500/detail/1/request/reference,hl7::PaymentReconciliation/ER2500,/detail/1/request/reference,http://www.BenefitsInc.com/fhir/oralhealthclaim/225476332699,\N
supplement::Claim/authorization-approved/patient/reference,supplement::Claim/authorization-approved,/patient/reference,Patient/member,supplement::Patient/member
supplement::Claim/authorization-approved/insurer/reference,supplement::Claim/authorization-approved,/insurer/reference,Organization/payer,supplement::Organization/payer
supplement::Claim/authorization-approved/insurance/0/coverage/reference,supplement::Claim/authorization-approved,/insurance/0/coverage/reference,Coverage/active,supplement::Coverage/active
supplement::Claim/authorization-denied/patient/reference,supplement::Claim/authorization-denied,/patient/reference,Patient/member,supplement::Patient/member
supplement::Claim/authorization-denied/insurer/reference,supplement::Claim/authorization-denied,/insurer/reference,Organization/payer,supplement::Organization/payer
supplement::Claim/authorization-denied/insurance/0/coverage/reference,supplement::Claim/authorization-denied,/insurance/0/coverage/reference,Coverage/active,supplement::Coverage/active
supplement::Claim/paid-denied/patient/reference,supplement::Claim/paid-denied,/patient/reference,Patient/member,supplement::Patient/member
supplement::Claim/paid-denied/insurer/reference,supplement::Claim/paid-denied,/insurer/reference,Organization/payer,supplement::Organization/payer
supplement::Claim/paid-denied/insurance/0/coverage/reference,supplement::Claim/paid-denied,/insurance/0/coverage/reference,Coverage/active,supplement::Coverage/active
supplement::Coverage/active/beneficiary/reference,supplement::Coverage/active,/beneficiary/reference,Patient/member,supplement::Patient/member
supplement::Coverage/active/subscriber/reference,supplement::Coverage/active,/subscriber/reference,Patient/member,supplement::Patient/member
supplement::Coverage/active/payor/0/reference,supplement::Coverage/active,/payor/0/reference,Organization/payer,supplement::Organization/payer
supplement::Coverage/active/extension/0/valueReference/reference,supplement::Coverage/active,/extension/0/valueReference/reference,InsurancePlan/plan,supplement::InsurancePlan/plan
supplement::Coverage/inactive/beneficiary/reference,supplement::Coverage/inactive,/beneficiary/reference,Patient/member,supplement::Patient/member
supplement::Coverage/inactive/subscriber/reference,supplement::Coverage/inactive,/subscriber/reference,Patient/member,supplement::Patient/member
supplement::Coverage/inactive/payor/0/reference,supplement::Coverage/inactive,/payor/0/reference,Organization/payer,supplement::Organization/payer
supplement::Coverage/inactive/extension/0/valueReference/reference,supplement::Coverage/inactive,/extension/0/valueReference/reference,InsurancePlan/plan,supplement::InsurancePlan/plan
supplement::CoverageEligibilityRequest/negative/patient/reference,supplement::CoverageEligibilityRequest/negative,/patient/reference,Patient/member,supplement::Patient/member
supplement::CoverageEligibilityRequest/negative/insurer/reference,supplement::CoverageEligibilityRequest/negative,/insurer/reference,Organization/payer,supplement::Organization/payer
supplement::CoverageEligibilityRequest/negative/insurance/0/coverage/reference,supplement::CoverageEligibilityRequest/negative,/insurance/0/coverage/reference,Coverage/inactive,supplement::Coverage/inactive
supplement::CoverageEligibilityResponse/negative/patient/reference,supplement::CoverageEligibilityResponse/negative,/patient/reference,Patient/member,supplement::Patient/member
supplement::CoverageEligibilityResponse/negative/request/reference,supplement::CoverageEligibilityResponse/negative,/request/reference,CoverageEligibilityRequest/negative,supplement::CoverageEligibilityRequest/negative
supplement::CoverageEligibilityResponse/negative/insurer/reference,supplement::CoverageEligibilityResponse/negative,/insurer/reference,Organization/payer,supplement::Organization/payer
supplement::CoverageEligibilityResponse/negative/insurance/0/coverage/reference,supplement::CoverageEligibilityResponse/negative,/insurance/0/coverage/reference,Coverage/inactive,supplement::Coverage/inactive
supplement::CoverageEligibilityRequest/positive/patient/reference,supplement::CoverageEligibilityRequest/positive,/patient/reference,Patient/member,supplement::Patient/member
supplement::CoverageEligibilityRequest/positive/insurer/reference,supplement::CoverageEligibilityRequest/positive,/insurer/reference,Organization/payer,supplement::Organization/payer
supplement::CoverageEligibilityRequest/positive/insurance/0/coverage/reference,supplement::CoverageEligibilityRequest/positive,/insurance/0/coverage/reference,Coverage/active,supplement::Coverage/active
supplement::CoverageEligibilityResponse/positive/patient/reference,supplement::CoverageEligibilityResponse/positive,/patient/reference,Patient/member,supplement::Patient/member
supplement::CoverageEligibilityResponse/positive/request/reference,supplement::CoverageEligibilityResponse/positive,/request/reference,CoverageEligibilityRequest/positive,supplement::CoverageEligibilityRequest/positive
supplement::CoverageEligibilityResponse/positive/insurer/reference,supplement::CoverageEligibilityResponse/positive,/insurer/reference,Organization/payer,supplement::Organization/payer
supplement::CoverageEligibilityResponse/positive/insurance/0/coverage/reference,supplement::CoverageEligibilityResponse/positive,/insurance/0/coverage/reference,Coverage/active,supplement::Coverage/active
supplement::EnrollmentRequest/enroll/candidate/reference,supplement::EnrollmentRequest/enroll,/candidate/reference,Patient/member,supplement::Patient/member
supplement::EnrollmentRequest/enroll/coverage/reference,supplement::EnrollmentRequest/enroll,/coverage/reference,Coverage/active,supplement::Coverage/active
supplement::EnrollmentResponse/enrolled/request/reference,supplement::EnrollmentResponse/enrolled,/request/reference,EnrollmentRequest/enroll,supplement::EnrollmentRequest/enroll
supplement::ExplanationOfBenefit/paid-denied/patient/reference,supplement::ExplanationOfBenefit/paid-denied,/patient/reference,Patient/member,supplement::Patient/member
supplement::ExplanationOfBenefit/paid-denied/insurer/reference,supplement::ExplanationOfBenefit/paid-denied,/insurer/reference,Organization/payer,supplement::Organization/payer
supplement::ExplanationOfBenefit/paid-denied/provider/reference,supplement::ExplanationOfBenefit/paid-denied,/provider/reference,Organization/provider-unresolved,\N
supplement::ExplanationOfBenefit/paid-denied/claim/reference,supplement::ExplanationOfBenefit/paid-denied,/claim/reference,Claim/paid-denied,supplement::Claim/paid-denied
supplement::ExplanationOfBenefit/paid-denied/claimResponse/reference,supplement::ExplanationOfBenefit/paid-denied,/claimResponse/reference,ClaimResponse/paid-denied,supplement::ClaimResponse/paid-denied
supplement::PaymentReconciliation/remit/detail/0/request/reference,supplement::PaymentReconciliation/remit,/detail/0/request/reference,Claim/paid-denied,supplement::Claim/paid-denied
supplement::PaymentReconciliation/remit/detail/0/response/reference,supplement::PaymentReconciliation/remit,/detail/0/response/reference,ClaimResponse/paid-denied,supplement::ClaimResponse/paid-denied
supplement::InsurancePlan/plan/ownedBy/reference,supplement::InsurancePlan/plan,/ownedBy/reference,Organization/payer,supplement::Organization/payer
supplement::ClaimResponse/authorization-approved/patient/reference,supplement::ClaimResponse/authorization-approved,/patient/reference,Patient/member,supplement::Patient/member
supplement::ClaimResponse/authorization-approved/request/reference,supplement::ClaimResponse/authorization-approved,/request/reference,Claim/authorization-approved,supplement::Claim/authorization-approved
supplement::ClaimResponse/authorization-approved/insurer/reference,supplement::ClaimResponse/authorization-approved,/insurer/reference,Organization/payer,supplement::Organization/payer
supplement::ClaimResponse/authorization-denied/patient/reference,supplement::ClaimResponse/authorization-denied,/patient/reference,Patient/member,supplement::Patient/member
supplement::ClaimResponse/authorization-denied/request/reference,supplement::ClaimResponse/authorization-denied,/request/reference,Claim/authorization-denied,supplement::Claim/authorization-denied
supplement::ClaimResponse/authorization-denied/insurer/reference,supplement::ClaimResponse/authorization-denied,/insurer/reference,Organization/payer,supplement::Organization/payer
supplement::ClaimResponse/paid-denied/patient/reference,supplement::ClaimResponse/paid-denied,/patient/reference,Patient/member,supplement::Patient/member
supplement::ClaimResponse/paid-denied/request/reference,supplement::ClaimResponse/paid-denied,/request/reference,Claim/paid-denied,supplement::Claim/paid-denied
supplement::ClaimResponse/paid-denied/insurer/reference,supplement::ClaimResponse/paid-denied,/insurer/reference,Organization/payer,supplement::Organization/payer
