line_key,resource_key,parent_line_key,native_path,sequence,product_json,modifiers_json,service_json,quantity,unit_price,net_amount,net_currency,line_json
hl7::Claim/100150/item/0,hl7::Claim/100150,\N,/item/0,1,"{""coding"":[{""code"":""1200""}]}",\N,"""2014-08-16""",\N,135.57,135.57,USD,"{""sequence"":1,""careTeamSequence"":[1],""productOrService"":{""coding"":[{""code"":""1200""}]},""servicedDate"":""2014-08-16"",""unitPrice"":{""value"":135.57,""currency"":""USD""},""net"":{""value"":135.57,""currency"":""USD""}}"
hl7::ClaimResponse/R3500/item/0,hl7::ClaimResponse/R3500,\N,/item/0,1,\N,\N,\N,\N,\N,\N,\N,"{""itemSequence"":1,""adjudication"":[{""category"":{""coding"":[{""code"":""eligible""}]},""amount"":{""value"":135.57,""currency"":""USD""}},{""category"":{""coding"":[{""code"":""copay""}]},""amount"":{""value"":10.00,""currency"":""USD""}},{""category"":{""coding"":[{""code"":""eligpercent""}]},""value"":80.00},{""category"":{""coding"":[{""code"":""benefit""}]},""reason"":{""coding"":[{""system"":""http://terminology.hl7.org/CodeSystem/adjudication-reason"",""code"":""ar002"",""display"":""Plan Limit Reached""}]},""amount"":{""value"":90.47,""currency"":""USD""}}]}"
hl7::ExplanationOfBenefit/EB3500/item/0,hl7::ExplanationOfBenefit/EB3500,\N,/item/0,1,"{""coding"":[{""system"":""http://terminology.hl7.org/CodeSystem/ex-USCLS"",""code"":""1205""}]}",\N,"""2014-08-16""",\N,135.57,135.57,USD,"{""sequence"":1,""careTeamSequence"":[1],""productOrService"":{""coding"":[{""system"":""http://terminology.hl7.org/CodeSystem/ex-USCLS"",""code"":""1205""}]},""servicedDate"":""2014-08-16"",""unitPrice"":{""value"":135.57,""currency"":""USD""},""net"":{""value"":135.57,""currency"":""USD""},""udi"":[{""reference"":""Device/example""}],""encounter"":[{""reference"":""Encounter/example""}],""adjudication"":[{""category"":{""coding"":[{""code"":""eligible""}]},""amount"":{""value"":120.00,""currency"":""USD""}},{""category"":{""coding"":[{""code"":""eligpercent""}]},""value"":0.80},{""category"":{""coding"":[{""code"":""benefit""}]},""amount"":{""value"":96.00,""currency"":""USD""}}]}"
hl7::ExplanationOfBenefit/EB3500/item/1,hl7::ExplanationOfBenefit/EB3500,\N,/item/1,2,"{""coding"":[{""code"":""group""}]}",\N,"""2014-08-16""",\N,\N,200.00,USD,"{""sequence"":2,""careTeamSequence"":[1],""productOrService"":{""coding"":[{""code"":""group""}]},""servicedDate"":""2014-08-16"",""net"":{""value"":200.00,""currency"":""USD""},""adjudication"":[{""category"":{""coding"":[{""code"":""benefit""}]},""amount"":{""value"":180.00,""currency"":""USD""}}],""detail"":[{""sequence"":1,""productOrService"":{""coding"":[{""code"":""group""}]},""net"":{""value"":200.00,""currency"":""USD""},""udi"":[{""reference"":""Device/example""}],""adjudication"":[{""category"":{""coding"":[{""code"":""benefit""}]},""amount"":{""value"":180.00,""currency"":""USD""}}],""subDetail"":[{""sequence"":1,""productOrService"":{""coding"":[{""system"":""http://terminology.hl7.org/CodeSystem/ex-USCLS"",""code"":""1205""}]},""unitPrice"":{""value"":200.00,""currency"":""USD""},""net"":{""value"":200.00,""currency"":""USD""},""udi"":[{""reference"":""Device/example""}],""adjudication"":[{""category"":{""coding"":[{""code"":""eligible""}]},""amount"":{""value"":200.00,""currency"":""USD""}},{""category"":{""coding"":[{""code"":""eligpercent""}]},""value"":0.90},{""category"":{""coding"":[{""code"":""benefit""}]},""amount"":{""value"":180.00,""currency"":""USD""}}]}]}]}"
hl7::ExplanationOfBenefit/EB3500/item/1/detail/0,hl7::ExplanationOfBenefit/EB3500,hl7::ExplanationOfBenefit/EB3500/item/1,/item/1/detail/0,1,"{""coding"":[{""code"":""group""}]}",\N,\N,\N,\N,200.00,USD,"{""sequence"":1,""productOrService"":{""coding"":[{""code"":""group""}]},""net"":{""value"":200.00,""currency"":""USD""},""udi"":[{""reference"":""Device/example""}],""adjudication"":[{""category"":{""coding"":[{""code"":""benefit""}]},""amount"":{""value"":180.00,""currency"":""USD""}}],""subDetail"":[{""sequence"":1,""productOrService"":{""coding"":[{""system"":""http://terminology.hl7.org/CodeSystem/ex-USCLS"",""code"":""1205""}]},""unitPrice"":{""value"":200.00,""currency"":""USD""},""net"":{""value"":200.00,""currency"":""USD""},""udi"":[{""reference"":""Device/example""}],""adjudication"":[{""category"":{""coding"":[{""code"":""eligible""}]},""amount"":{""value"":200.00,""currency"":""USD""}},{""category"":{""coding"":[{""code"":""eligpercent""}]},""value"":0.90},{""category"":{""coding"":[{""code"":""benefit""}]},""amount"":{""value"":180.00,""currency"":""USD""}}]}]}"
hl7::ExplanationOfBenefit/EB3500/item/1/detail/0/subDetail/0,hl7::ExplanationOfBenefit/EB3500,hl7::ExplanationOfBenefit/EB3500/item/1/detail/0,/item/1/detail/0/subDetail/0,1,"{""coding"":[{""system"":""http://terminology.hl7.org/CodeSystem/ex-USCLS"",""code"":""1205""}]}",\N,\N,\N,200.00,200.00,USD,"{""sequence"":1,""productOrService"":{""coding"":[{""system"":""http://terminology.hl7.org/CodeSystem/ex-USCLS"",""code"":""1205""}]},""unitPrice"":{""value"":200.00,""currency"":""USD""},""net"":{""value"":200.00,""currency"":""USD""},""udi"":[{""reference"":""Device/example""}],""adjudication"":[{""category"":{""coding"":[{""code"":""eligible""}]},""amount"":{""value"":200.00,""currency"":""USD""}},{""category"":{""coding"":[{""code"":""eligpercent""}]},""value"":0.90},{""category"":{""coding"":[{""code"":""benefit""}]},""amount"":{""value"":180.00,""currency"":""USD""}}]}"
supplement::Claim/authorization-approved/item/0,supplement::Claim/authorization-approved,\N,/item/0,1,"{""coding"":[{""system"":""urn:umf:medical:synthetic-codes"",""code"":""service-1""}]}","[{""coding"":[{""system"":""urn:umf:medical:synthetic-codes"",""code"":""example-modifier""}]}]","""2026-01-03""",1,100,100,USD,"{""sequence"":1,""productOrService"":{""coding"":[{""system"":""urn:umf:medical:synthetic-codes"",""code"":""service-1""}]},""modifier"":[{""coding"":[{""system"":""urn:umf:medical:synthetic-codes"",""code"":""example-modifier""}]}],""servicedDate"":""2026-01-03"",""quantity"":{""value"":1},""unitPrice"":{""value"":100,""currency"":""USD""},""net"":{""value"":100,""currency"":""USD""}}"
supplement::Claim/authorization-approved/item/1,supplement::Claim/authorization-approved,\N,/item/1,2,"{""coding"":[{""system"":""urn:umf:medical:synthetic-codes"",""code"":""service-2""}]}","[{""coding"":[{""system"":""urn:umf:medical:synthetic-codes"",""code"":""example-modifier""}]}]","""2026-01-03""",1,100,100,USD,"{""sequence"":2,""productOrService"":{""coding"":[{""system"":""urn:umf:medical:synthetic-codes"",""code"":""service-2""}]},""modifier"":[{""coding"":[{""system"":""urn:umf:medical:synthetic-codes"",""code"":""example-modifier""}]}],""servicedDate"":""2026-01-03"",""quantity"":{""value"":1},""unitPrice"":{""value"":100,""currency"":""USD""},""net"":{""value"":100,""currency"":""USD""}}"
supplement::Claim/authorization-denied/item/0,supplement::Claim/authorization-denied,\N,/item/0,1,"{""coding"":[{""system"":""urn:umf:medical:synthetic-codes"",""code"":""service-1""}]}","[{""coding"":[{""system"":""urn:umf:medical:synthetic-codes"",""code"":""example-modifier""}]}]","""2026-01-03""",1,100,100,USD,"{""sequence"":1,""productOrService"":{""coding"":[{""system"":""urn:umf:medical:synthetic-codes"",""code"":""service-1""}]},""modifier"":[{""coding"":[{""system"":""urn:umf:medical:synthetic-codes"",""code"":""example-modifier""}]}],""servicedDate"":""2026-01-03"",""quantity"":{""value"":1},""unitPrice"":{""value"":100,""currency"":""USD""},""net"":{""value"":100,""currency"":""USD""}}"
supplement::Claim/authorization-denied/item/1,supplement::Claim/authorization-denied,\N,/item/1,2,"{""coding"":[{""system"":""urn:umf:medical:synthetic-codes"",""code"":""service-2""}]}","[{""coding"":[{""system"":""urn:umf:medical:synthetic-codes"",""code"":""example-modifier""}]}]","""2026-01-03""",1,100,100,USD,"{""sequence"":2,""productOrService"":{""coding"":[{""system"":""urn:umf:medical:synthetic-codes"",""code"":""service-2""}]},""modifier"":[{""coding"":[{""system"":""urn:umf:medical:synthetic-codes"",""code"":""example-modifier""}]}],""servicedDate"":""2026-01-03"",""quantity"":{""value"":1},""unitPrice"":{""value"":100,""currency"":""USD""},""net"":{""value"":100,""currency"":""USD""}}"
supplement::Claim/paid-denied/item/0,supplement::Claim/paid-denied,\N,/item/0,1,"{""coding"":[{""system"":""urn:umf:medical:synthetic-codes"",""code"":""service-1""}]}","[{""coding"":[{""system"":""urn:umf:medical:synthetic-codes"",""code"":""example-modifier""}]}]","""2026-01-03""",1,100,100,USD,"{""sequence"":1,""productOrService"":{""coding"":[{""system"":""urn:umf:medical:synthetic-codes"",""code"":""service-1""}]},""modifier"":[{""coding"":[{""system"":""urn:umf:medical:synthetic-codes"",""code"":""example-modifier""}]}],""servicedDate"":""2026-01-03"",""quantity"":{""value"":1},""unitPrice"":{""value"":100,""currency"":""USD""},""net"":{""value"":100,""currency"":""USD""}}"
supplement::Claim/paid-denied/item/1,supplement::Claim/paid-denied,\N,/item/1,2,"{""coding"":[{""system"":""urn:umf:medical:synthetic-codes"",""code"":""service-2""}]}","[{""coding"":[{""system"":""urn:umf:medical:synthetic-codes"",""code"":""example-modifier""}]}]","""2026-01-03""",1,100,100,USD,"{""sequence"":2,""productOrService"":{""coding"":[{""system"":""urn:umf:medical:synthetic-codes"",""code"":""service-2""}]},""modifier"":[{""coding"":[{""system"":""urn:umf:medical:synthetic-codes"",""code"":""example-modifier""}]}],""servicedDate"":""2026-01-03"",""quantity"":{""value"":1},""unitPrice"":{""value"":100,""currency"":""USD""},""net"":{""value"":100,""currency"":""USD""}}"
supplement::ExplanationOfBenefit/paid-denied/item/0,supplement::ExplanationOfBenefit/paid-denied,\N,/item/0,1,\N,\N,\N,\N,\N,100,USD,"{""sequence"":1,""net"":{""value"":100,""currency"":""USD""}}"
supplement::ExplanationOfBenefit/paid-denied/item/1,supplement::ExplanationOfBenefit/paid-denied,\N,/item/1,2,\N,\N,\N,\N,\N,100,USD,"{""sequence"":2,""net"":{""value"":100,""currency"":""USD""}}"
supplement::ClaimResponse/authorization-approved/item/0,supplement::ClaimResponse/authorization-approved,\N,/item/0,1,\N,\N,\N,\N,\N,\N,\N,"{""itemSequence"":1,""adjudication"":[{""category"":{""coding"":[{""system"":""urn:umf:medical:synthetic-codes"",""code"":""submitted""}]},""amount"":{""value"":100,""currency"":""USD""}},{""category"":{""coding"":[{""system"":""urn:umf:medical:synthetic-codes"",""code"":""benefit""}]},""amount"":{""value"":80,""currency"":""USD""},""reason"":{""coding"":[{""system"":""urn:umf:medical:synthetic-codes"",""code"":""approved""}]}},{""category"":{""coding"":[{""system"":""urn:umf:medical:synthetic-codes"",""code"":""member-liability""}]},""amount"":{""value"":20,""currency"":""USD""}}]}"
supplement::ClaimResponse/authorization-approved/item/1,supplement::ClaimResponse/authorization-approved,\N,/item/1,2,\N,\N,\N,\N,\N,\N,\N,"{""itemSequence"":2,""adjudication"":[{""category"":{""coding"":[{""system"":""urn:umf:medical:synthetic-codes"",""code"":""submitted""}]},""amount"":{""value"":100,""currency"":""USD""}},{""category"":{""coding"":[{""system"":""urn:umf:medical:synthetic-codes"",""code"":""benefit""}]},""amount"":{""value"":0,""currency"":""USD""},""reason"":{""coding"":[{""system"":""urn:umf:medical:synthetic-codes"",""code"":""denied""}]}},{""category"":{""coding"":[{""system"":""urn:umf:medical:synthetic-codes"",""code"":""member-liability""}]},""amount"":{""value"":100,""currency"":""USD""}}]}"
supplement::ClaimResponse/authorization-denied/item/0,supplement::ClaimResponse/authorization-denied,\N,/item/0,1,\N,\N,\N,\N,\N,\N,\N,"{""itemSequence"":1,""adjudication"":[{""category"":{""coding"":[{""system"":""urn:umf:medical:synthetic-codes"",""code"":""submitted""}]},""amount"":{""value"":100,""currency"":""USD""}},{""category"":{""coding"":[{""system"":""urn:umf:medical:synthetic-codes"",""code"":""benefit""}]},""amount"":{""value"":0,""currency"":""USD""},""reason"":{""coding"":[{""system"":""urn:umf:medical:synthetic-codes"",""code"":""denied""}]}},{""category"":{""coding"":[{""system"":""urn:umf:medical:synthetic-codes"",""code"":""member-liability""}]},""amount"":{""value"":100,""currency"":""USD""}}]}"
supplement::ClaimResponse/authorization-denied/item/1,supplement::ClaimResponse/authorization-denied,\N,/item/1,2,\N,\N,\N,\N,\N,\N,\N,"{""itemSequence"":2,""adjudication"":[{""category"":{""coding"":[{""system"":""urn:umf:medical:synthetic-codes"",""code"":""submitted""}]},""amount"":{""value"":100,""currency"":""USD""}},{""category"":{""coding"":[{""system"":""urn:umf:medical:synthetic-codes"",""code"":""benefit""}]},""amount"":{""value"":0,""currency"":""USD""},""reason"":{""coding"":[{""system"":""urn:umf:medical:synthetic-codes"",""code"":""denied""}]}},{""category"":{""coding"":[{""system"":""urn:umf:medical:synthetic-codes"",""code"":""member-liability""}]},""amount"":{""value"":100,""currency"":""USD""}}]}"
supplement::ClaimResponse/paid-denied/item/0,supplement::ClaimResponse/paid-denied,\N,/item/0,1,\N,\N,\N,\N,\N,\N,\N,"{""itemSequence"":1,""adjudication"":[{""category"":{""coding"":[{""system"":""urn:umf:medical:synthetic-codes"",""code"":""submitted""}]},""amount"":{""value"":100,""currency"":""USD""}},{""category"":{""coding"":[{""system"":""urn:umf:medical:synthetic-codes"",""code"":""benefit""}]},""amount"":{""value"":80,""currency"":""USD""},""reason"":{""coding"":[{""system"":""urn:umf:medical:synthetic-codes"",""code"":""approved""}]}},{""category"":{""coding"":[{""system"":""urn:umf:medical:synthetic-codes"",""code"":""member-liability""}]},""amount"":{""value"":20,""currency"":""USD""}}]}"
supplement::ClaimResponse/paid-denied/item/1,supplement::ClaimResponse/paid-denied,\N,/item/1,2,\N,\N,\N,\N,\N,\N,\N,"{""itemSequence"":2,""adjudication"":[{""category"":{""coding"":[{""system"":""urn:umf:medical:synthetic-codes"",""code"":""submitted""}]},""amount"":{""value"":100,""currency"":""USD""}},{""category"":{""coding"":[{""system"":""urn:umf:medical:synthetic-codes"",""code"":""benefit""}]},""amount"":{""value"":0,""currency"":""USD""},""reason"":{""coding"":[{""system"":""urn:umf:medical:synthetic-codes"",""code"":""denied""}]}},{""category"":{""coding"":[{""system"":""urn:umf:medical:synthetic-codes"",""code"":""member-liability""}]},""amount"":{""value"":100,""currency"":""USD""}}]}"
