resource_key,status,patient_reference,resource_type,use,type_json,created,outcome,request_json,insurance_json,diagnoses_json,procedures_json,related_json,totals_json
hl7::Claim/100150,active,Patient/1,Claim,claim,"{""coding"":[{""system"":""http://terminology.hl7.org/CodeSystem/claim-type"",""code"":""oral""}]}",2014-08-16,\N,\N,"[{""sequence"":1,""focal"":true,""identifier"":{""system"":""http://happyvalley.com/claim"",""value"":""12345""},""coverage"":{""reference"":""Coverage/9876B1""}}]","[{""sequence"":1,""diagnosisCodeableConcept"":{""coding"":[{""code"":""123456""}]}}]",\N,\N,\N
hl7::ClaimResponse/R3500,active,Patient/1,ClaimResponse,claim,"{""coding"":[{""system"":""http://terminology.hl7.org/CodeSystem/claim-type"",""code"":""oral""}]}",2014-08-16,complete,"{""reference"":""http://www.BenefitsInc.com/fhir/oralhealthclaim/15476332402""}",\N,\N,\N,\N,"[{""category"":{""coding"":[{""code"":""submitted""}]},""amount"":{""value"":135.57,""currency"":""USD""}},{""category"":{""coding"":[{""code"":""benefit""}]},""amount"":{""value"":90.47,""currency"":""USD""}}]"
hl7::ExplanationOfBenefit/EB3500,active,Patient/pat1,ExplanationOfBenefit,claim,"{""coding"":[{""system"":""http://terminology.hl7.org/CodeSystem/claim-type"",""code"":""oral""}]}",2014-08-16,complete,\N,"[{""focal"":true,""coverage"":{""reference"":""Coverage/9876B1""}}]",\N,\N,\N,"[{""category"":{""coding"":[{""code"":""submitted""}]},""amount"":{""value"":135.57,""currency"":""USD""}},{""category"":{""coding"":[{""code"":""benefit""}]},""amount"":{""value"":96.00,""currency"":""USD""}}]"
supplement::Claim/authorization-approved,active,Patient/member,Claim,preauthorization,"{""coding"":[{""system"":""urn:umf:medical:synthetic-codes"",""code"":""professional""}]}",2026-01-02,\N,\N,"[{""sequence"":1,""focal"":true,""coverage"":{""reference"":""Coverage/active""}}]",\N,\N,\N,"{""value"":200,""currency"":""USD""}"
supplement::Claim/authorization-denied,active,Patient/member,Claim,preauthorization,"{""coding"":[{""system"":""urn:umf:medical:synthetic-codes"",""code"":""professional""}]}",2026-01-02,\N,\N,"[{""sequence"":1,""focal"":true,""coverage"":{""reference"":""Coverage/active""}}]",\N,\N,\N,"{""value"":200,""currency"":""USD""}"
supplement::Claim/paid-denied,active,Patient/member,Claim,claim,"{""coding"":[{""system"":""urn:umf:medical:synthetic-codes"",""code"":""professional""}]}",2026-01-02,\N,\N,"[{""sequence"":1,""focal"":true,""coverage"":{""reference"":""Coverage/active""}}]",\N,\N,\N,"{""value"":200,""currency"":""USD""}"
supplement::ExplanationOfBenefit/paid-denied,active,Patient/member,ExplanationOfBenefit,claim,"{""coding"":[{""system"":""urn:umf:medical:synthetic-codes"",""code"":""professional""}]}",2026-01-04,complete,\N,\N,\N,\N,\N,\N
supplement::ClaimResponse/authorization-approved,active,Patient/member,ClaimResponse,preauthorization,"{""coding"":[{""system"":""urn:umf:medical:synthetic-codes"",""code"":""professional""}]}",2026-01-02,complete,"{""reference"":""Claim/authorization-approved""}",\N,\N,\N,\N,\N
supplement::ClaimResponse/authorization-denied,active,Patient/member,ClaimResponse,preauthorization,"{""coding"":[{""system"":""urn:umf:medical:synthetic-codes"",""code"":""professional""}]}",2026-01-02,complete,"{""reference"":""Claim/authorization-denied""}",\N,\N,\N,\N,\N
supplement::ClaimResponse/paid-denied,active,Patient/member,ClaimResponse,claim,"{""coding"":[{""system"":""urn:umf:medical:synthetic-codes"",""code"":""professional""}]}",2026-01-02,complete,"{""reference"":""Claim/paid-denied""}",\N,\N,\N,\N,\N
