coding_key,resource_key,native_path,system,release,code,display,native_json
hl7::Claim/100150/type/coding/0,hl7::Claim/100150,/type/coding/0,http://terminology.hl7.org/CodeSystem/claim-type,\N,oral,\N,"{""system"":""http://terminology.hl7.org/CodeSystem/claim-type"",""code"":""oral""}"
hl7::Claim/100150/priority/coding/0,hl7::Claim/100150,/priority/coding/0,\N,\N,normal,\N,"{""code"":""normal""}"
hl7::Claim/100150/payee/type/coding/0,hl7::Claim/100150,/payee/type/coding/0,\N,\N,provider,\N,"{""code"":""provider""}"
hl7::Claim/100150/diagnosis/0/diagnosisCodeableConcept/coding/0,hl7::Claim/100150,/diagnosis/0/diagnosisCodeableConcept/coding/0,\N,\N,123456,\N,"{""code"":""123456""}"
hl7::Claim/100150/item/0/productOrService/coding/0,hl7::Claim/100150,/item/0/productOrService/coding/0,\N,\N,1200,\N,"{""code"":""1200""}"
hl7::ClaimResponse/R3500/type/coding/0,hl7::ClaimResponse/R3500,/type/coding/0,http://terminology.hl7.org/CodeSystem/claim-type,\N,oral,\N,"{""system"":""http://terminology.hl7.org/CodeSystem/claim-type"",""code"":""oral""}"
hl7::ClaimResponse/R3500/subType/coding/0,hl7::ClaimResponse/R3500,/subType/coding/0,http://terminology.hl7.org/CodeSystem/ex-claimsubtype,\N,emergency,\N,"{""system"":""http://terminology.hl7.org/CodeSystem/ex-claimsubtype"",""code"":""emergency""}"
hl7::ClaimResponse/R3500/payeeType/coding/0,hl7::ClaimResponse/R3500,/payeeType/coding/0,http://terminology.hl7.org/CodeSystem/payeetype,\N,provider,\N,"{""system"":""http://terminology.hl7.org/CodeSystem/payeetype"",""code"":""provider""}"
hl7::ClaimResponse/R3500/item/0/adjudication/0/category/coding/0,hl7::ClaimResponse/R3500,/item/0/adjudication/0/category/coding/0,\N,\N,eligible,\N,"{""code"":""eligible""}"
hl7::ClaimResponse/R3500/item/0/adjudication/1/category/coding/0,hl7::ClaimResponse/R3500,/item/0/adjudication/1/category/coding/0,\N,\N,copay,\N,"{""code"":""copay""}"
hl7::ClaimResponse/R3500/item/0/adjudication/2/category/coding/0,hl7::ClaimResponse/R3500,/item/0/adjudication/2/category/coding/0,\N,\N,eligpercent,\N,"{""code"":""eligpercent""}"
hl7::ClaimResponse/R3500/item/0/adjudication/3/category/coding/0,hl7::ClaimResponse/R3500,/item/0/adjudication/3/category/coding/0,\N,\N,benefit,\N,"{""code"":""benefit""}"
hl7::ClaimResponse/R3500/item/0/adjudication/3/reason/coding/0,hl7::ClaimResponse/R3500,/item/0/adjudication/3/reason/coding/0,http://terminology.hl7.org/CodeSystem/adjudication-reason,\N,ar002,Plan Limit Reached,"{""system"":""http://terminology.hl7.org/CodeSystem/adjudication-reason"",""code"":""ar002"",""display"":""Plan Limit Reached""}"
hl7::ClaimResponse/R3500/total/0/category/coding/0,hl7::ClaimResponse/R3500,/total/0/category/coding/0,\N,\N,submitted,\N,"{""code"":""submitted""}"
hl7::ClaimResponse/R3500/total/1/category/coding/0,hl7::ClaimResponse/R3500,/total/1/category/coding/0,\N,\N,benefit,\N,"{""code"":""benefit""}"
hl7::ClaimResponse/R3500/payment/type/coding/0,hl7::ClaimResponse/R3500,/payment/type/coding/0,http://terminology.hl7.org/CodeSystem/ex-paymenttype,\N,complete,\N,"{""system"":""http://terminology.hl7.org/CodeSystem/ex-paymenttype"",""code"":""complete""}"
hl7::Coverage/9876B1/type/coding/0,hl7::Coverage/9876B1,/type/coding/0,http://terminology.hl7.org/CodeSystem/v3-ActCode,\N,EHCPOL,extended healthcare,"{""system"":""http://terminology.hl7.org/CodeSystem/v3-ActCode"",""code"":""EHCPOL"",""display"":""extended healthcare""}"
hl7::Coverage/9876B1/relationship/coding/0,hl7::Coverage/9876B1,/relationship/coding/0,\N,\N,self,\N,"{""code"":""self""}"
hl7::Coverage/9876B1/class/0/type/coding/0,hl7::Coverage/9876B1,/class/0/type/coding/0,http://terminology.hl7.org/CodeSystem/coverage-class,\N,group,\N,"{""system"":""http://terminology.hl7.org/CodeSystem/coverage-class"",""code"":""group""}"
hl7::Coverage/9876B1/class/1/type/coding/0,hl7::Coverage/9876B1,/class/1/type/coding/0,http://terminology.hl7.org/CodeSystem/coverage-class,\N,subgroup,\N,"{""system"":""http://terminology.hl7.org/CodeSystem/coverage-class"",""code"":""subgroup""}"
hl7::Coverage/9876B1/class/2/type/coding/0,hl7::Coverage/9876B1,/class/2/type/coding/0,http://terminology.hl7.org/CodeSystem/coverage-class,\N,plan,\N,"{""system"":""http://terminology.hl7.org/CodeSystem/coverage-class"",""code"":""plan""}"
hl7::Coverage/9876B1/class/3/type/coding/0,hl7::Coverage/9876B1,/class/3/type/coding/0,http://terminology.hl7.org/CodeSystem/coverage-class,\N,subplan,\N,"{""system"":""http://terminology.hl7.org/CodeSystem/coverage-class"",""code"":""subplan""}"
hl7::Coverage/9876B1/class/4/type/coding/0,hl7::Coverage/9876B1,/class/4/type/coding/0,http://terminology.hl7.org/CodeSystem/coverage-class,\N,class,\N,"{""system"":""http://terminology.hl7.org/CodeSystem/coverage-class"",""code"":""class""}"
hl7::Coverage/9876B1/class/5/type/coding/0,hl7::Coverage/9876B1,/class/5/type/coding/0,http://terminology.hl7.org/CodeSystem/coverage-class,\N,subclass,\N,"{""system"":""http://terminology.hl7.org/CodeSystem/coverage-class"",""code"":""subclass""}"
hl7::Coverage/9876B1/class/6/type/coding/0,hl7::Coverage/9876B1,/class/6/type/coding/0,http://terminology.hl7.org/CodeSystem/coverage-class,\N,sequence,\N,"{""system"":""http://terminology.hl7.org/CodeSystem/coverage-class"",""code"":""sequence""}"
hl7::Coverage/9876B1/class/7/type/coding/0,hl7::Coverage/9876B1,/class/7/type/coding/0,http://terminology.hl7.org/CodeSystem/coverage-class,\N,rxid,\N,"{""system"":""http://terminology.hl7.org/CodeSystem/coverage-class"",""code"":""rxid""}"
hl7::Coverage/9876B1/class/8/type/coding/0,hl7::Coverage/9876B1,/class/8/type/coding/0,http://terminology.hl7.org/CodeSystem/coverage-class,\N,rxbin,\N,"{""system"":""http://terminology.hl7.org/CodeSystem/coverage-class"",""code"":""rxbin""}"
hl7::Coverage/9876B1/class/9/type/coding/0,hl7::Coverage/9876B1,/class/9/type/coding/0,http://terminology.hl7.org/CodeSystem/coverage-class,\N,rxgroup,\N,"{""system"":""http://terminology.hl7.org/CodeSystem/coverage-class"",""code"":""rxgroup""}"
hl7::Coverage/9876B1/class/10/type/coding/0,hl7::Coverage/9876B1,/class/10/type/coding/0,http://terminology.hl7.org/CodeSystem/coverage-class,\N,rxpcn,\N,"{""system"":""http://terminology.hl7.org/CodeSystem/coverage-class"",""code"":""rxpcn""}"
hl7::Coverage/9876B1/class/11/type/coding/0,hl7::Coverage/9876B1,/class/11/type/coding/0,http://terminology.hl7.org/CodeSystem/coverage-class,\N,sequence,\N,"{""system"":""http://terminology.hl7.org/CodeSystem/coverage-class"",""code"":""sequence""}"
hl7::CoverageEligibilityRequest/52345/priority/coding/0,hl7::CoverageEligibilityRequest/52345,/priority/coding/0,\N,\N,normal,\N,"{""code"":""normal""}"
hl7::ExplanationOfBenefit/EB3500/type/coding/0,hl7::ExplanationOfBenefit/EB3500,/type/coding/0,http://terminology.hl7.org/CodeSystem/claim-type,\N,oral,\N,"{""system"":""http://terminology.hl7.org/CodeSystem/claim-type"",""code"":""oral""}"
hl7::ExplanationOfBenefit/EB3500/payee/type/coding/0,hl7::ExplanationOfBenefit/EB3500,/payee/type/coding/0,http://terminology.hl7.org/CodeSystem/payeetype,\N,provider,\N,"{""system"":""http://terminology.hl7.org/CodeSystem/payeetype"",""code"":""provider""}"
hl7::ExplanationOfBenefit/EB3500/item/0/productOrService/coding/0,hl7::ExplanationOfBenefit/EB3500,/item/0/productOrService/coding/0,http://terminology.hl7.org/CodeSystem/ex-USCLS,\N,1205,\N,"{""system"":""http://terminology.hl7.org/CodeSystem/ex-USCLS"",""code"":""1205""}"
hl7::ExplanationOfBenefit/EB3500/item/0/adjudication/0/category/coding/0,hl7::ExplanationOfBenefit/EB3500,/item/0/adjudication/0/category/coding/0,\N,\N,eligible,\N,"{""code"":""eligible""}"
hl7::ExplanationOfBenefit/EB3500/item/0/adjudication/1/category/coding/0,hl7::ExplanationOfBenefit/EB3500,/item/0/adjudication/1/category/coding/0,\N,\N,eligpercent,\N,"{""code"":""eligpercent""}"
hl7::ExplanationOfBenefit/EB3500/item/0/adjudication/2/category/coding/0,hl7::ExplanationOfBenefit/EB3500,/item/0/adjudication/2/category/coding/0,\N,\N,benefit,\N,"{""code"":""benefit""}"
hl7::ExplanationOfBenefit/EB3500/item/1/productOrService/coding/0,hl7::ExplanationOfBenefit/EB3500,/item/1/productOrService/coding/0,\N,\N,group,\N,"{""code"":""group""}"
hl7::ExplanationOfBenefit/EB3500/item/1/adjudication/0/category/coding/0,hl7::ExplanationOfBenefit/EB3500,/item/1/adjudication/0/category/coding/0,\N,\N,benefit,\N,"{""code"":""benefit""}"
hl7::ExplanationOfBenefit/EB3500/item/1/detail/0/productOrService/coding/0,hl7::ExplanationOfBenefit/EB3500,/item/1/detail/0/productOrService/coding/0,\N,\N,group,\N,"{""code"":""group""}"
hl7::ExplanationOfBenefit/EB3500/item/1/detail/0/adjudication/0/category/coding/0,hl7::ExplanationOfBenefit/EB3500,/item/1/detail/0/adjudication/0/category/coding/0,\N,\N,benefit,\N,"{""code"":""benefit""}"
hl7::ExplanationOfBenefit/EB3500/item/1/detail/0/subDetail/0/productOrService/coding/0,hl7::ExplanationOfBenefit/EB3500,/item/1/detail/0/subDetail/0/productOrService/coding/0,http://terminology.hl7.org/CodeSystem/ex-USCLS,\N,1205,\N,"{""system"":""http://terminology.hl7.org/CodeSystem/ex-USCLS"",""code"":""1205""}"
hl7::ExplanationOfBenefit/EB3500/item/1/detail/0/subDetail/0/adjudication/0/category/coding/0,hl7::ExplanationOfBenefit/EB3500,/item/1/detail/0/subDetail/0/adjudication/0/category/coding/0,\N,\N,eligible,\N,"{""code"":""eligible""}"
hl7::ExplanationOfBenefit/EB3500/item/1/detail/0/subDetail/0/adjudication/1/category/coding/0,hl7::ExplanationOfBenefit/EB3500,/item/1/detail/0/subDetail/0/adjudication/1/category/coding/0,\N,\N,eligpercent,\N,"{""code"":""eligpercent""}"
hl7::ExplanationOfBenefit/EB3500/item/1/detail/0/subDetail/0/adjudication/2/category/coding/0,hl7::ExplanationOfBenefit/EB3500,/item/1/detail/0/subDetail/0/adjudication/2/category/coding/0,\N,\N,benefit,\N,"{""code"":""benefit""}"
hl7::ExplanationOfBenefit/EB3500/total/0/category/coding/0,hl7::ExplanationOfBenefit/EB3500,/total/0/category/coding/0,\N,\N,submitted,\N,"{""code"":""submitted""}"
hl7::ExplanationOfBenefit/EB3500/total/1/category/coding/0,hl7::ExplanationOfBenefit/EB3500,/total/1/category/coding/0,\N,\N,benefit,\N,"{""code"":""benefit""}"
hl7::PaymentReconciliation/ER2500/detail/0/type/coding/0,hl7::PaymentReconciliation/ER2500,/detail/0/type/coding/0,http://terminology.hl7.org/CodeSystem/payment-type,\N,payment,\N,"{""system"":""http://terminology.hl7.org/CodeSystem/payment-type"",""code"":""payment""}"
hl7::PaymentReconciliation/ER2500/detail/1/type/coding/0,hl7::PaymentReconciliation/ER2500,/detail/1/type/coding/0,http://terminology.hl7.org/CodeSystem/payment-type,\N,payment,\N,"{""system"":""http://terminology.hl7.org/CodeSystem/payment-type"",""code"":""payment""}"
hl7::PaymentReconciliation/ER2500/detail/2/type/coding/0,hl7::PaymentReconciliation/ER2500,/detail/2/type/coding/0,http://terminology.hl7.org/CodeSystem/payment-type,\N,advance,\N,"{""system"":""http://terminology.hl7.org/CodeSystem/payment-type"",""code"":""advance""}"
hl7::PaymentReconciliation/ER2500/formCode/coding/0,hl7::PaymentReconciliation/ER2500,/formCode/coding/0,http://ncforms.org/formid,\N,PAYREC/2016/01B,\N,"{""system"":""http://ncforms.org/formid"",""code"":""PAYREC/2016/01B""}"
supplement::Claim/authorization-approved/type/coding/0,supplement::Claim/authorization-approved,/type/coding/0,urn:umf:medical:synthetic-codes,\N,professional,\N,"{""system"":""urn:umf:medical:synthetic-codes"",""code"":""professional""}"
supplement::Claim/authorization-approved/item/0/productOrService/coding/0,supplement::Claim/authorization-approved,/item/0/productOrService/coding/0,urn:umf:medical:synthetic-codes,\N,service-1,\N,"{""system"":""urn:umf:medical:synthetic-codes"",""code"":""service-1""}"
supplement::Claim/authorization-approved/item/0/modifier/0/coding/0,supplement::Claim/authorization-approved,/item/0/modifier/0/coding/0,urn:umf:medical:synthetic-codes,\N,example-modifier,\N,"{""system"":""urn:umf:medical:synthetic-codes"",""code"":""example-modifier""}"
supplement::Claim/authorization-approved/item/1/productOrService/coding/0,supplement::Claim/authorization-approved,/item/1/productOrService/coding/0,urn:umf:medical:synthetic-codes,\N,service-2,\N,"{""system"":""urn:umf:medical:synthetic-codes"",""code"":""service-2""}"
supplement::Claim/authorization-approved/item/1/modifier/0/coding/0,supplement::Claim/authorization-approved,/item/1/modifier/0/coding/0,urn:umf:medical:synthetic-codes,\N,example-modifier,\N,"{""system"":""urn:umf:medical:synthetic-codes"",""code"":""example-modifier""}"
supplement::Claim/authorization-denied/type/coding/0,supplement::Claim/authorization-denied,/type/coding/0,urn:umf:medical:synthetic-codes,\N,professional,\N,"{""system"":""urn:umf:medical:synthetic-codes"",""code"":""professional""}"
supplement::Claim/authorization-denied/item/0/productOrService/coding/0,supplement::Claim/authorization-denied,/item/0/productOrService/coding/0,urn:umf:medical:synthetic-codes,\N,service-1,\N,"{""system"":""urn:umf:medical:synthetic-codes"",""code"":""service-1""}"
supplement::Claim/authorization-denied/item/0/modifier/0/coding/0,supplement::Claim/authorization-denied,/item/0/modifier/0/coding/0,urn:umf:medical:synthetic-codes,\N,example-modifier,\N,"{""system"":""urn:umf:medical:synthetic-codes"",""code"":""example-modifier""}"
supplement::Claim/authorization-denied/item/1/productOrService/coding/0,supplement::Claim/authorization-denied,/item/1/productOrService/coding/0,urn:umf:medical:synthetic-codes,\N,service-2,\N,"{""system"":""urn:umf:medical:synthetic-codes"",""code"":""service-2""}"
supplement::Claim/authorization-denied/item/1/modifier/0/coding/0,supplement::Claim/authorization-denied,/item/1/modifier/0/coding/0,urn:umf:medical:synthetic-codes,\N,example-modifier,\N,"{""system"":""urn:umf:medical:synthetic-codes"",""code"":""example-modifier""}"
supplement::Claim/paid-denied/type/coding/0,supplement::Claim/paid-denied,/type/coding/0,urn:umf:medical:synthetic-codes,\N,professional,\N,"{""system"":""urn:umf:medical:synthetic-codes"",""code"":""professional""}"
supplement::Claim/paid-denied/item/0/productOrService/coding/0,supplement::Claim/paid-denied,/item/0/productOrService/coding/0,urn:umf:medical:synthetic-codes,\N,service-1,\N,"{""system"":""urn:umf:medical:synthetic-codes"",""code"":""service-1""}"
supplement::Claim/paid-denied/item/0/modifier/0/coding/0,supplement::Claim/paid-denied,/item/0/modifier/0/coding/0,urn:umf:medical:synthetic-codes,\N,example-modifier,\N,"{""system"":""urn:umf:medical:synthetic-codes"",""code"":""example-modifier""}"
supplement::Claim/paid-denied/item/1/productOrService/coding/0,supplement::Claim/paid-denied,/item/1/productOrService/coding/0,urn:umf:medical:synthetic-codes,\N,service-2,\N,"{""system"":""urn:umf:medical:synthetic-codes"",""code"":""service-2""}"
supplement::Claim/paid-denied/item/1/modifier/0/coding/0,supplement::Claim/paid-denied,/item/1/modifier/0/coding/0,urn:umf:medical:synthetic-codes,\N,example-modifier,\N,"{""system"":""urn:umf:medical:synthetic-codes"",""code"":""example-modifier""}"
supplement::Coverage/active/costToBeneficiary/0/type/coding/0,supplement::Coverage/active,/costToBeneficiary/0/type/coding/0,urn:umf:medical:synthetic-codes,\N,copay,\N,"{""system"":""urn:umf:medical:synthetic-codes"",""code"":""copay""}"
supplement::Coverage/inactive/costToBeneficiary/0/type/coding/0,supplement::Coverage/inactive,/costToBeneficiary/0/type/coding/0,urn:umf:medical:synthetic-codes,\N,copay,\N,"{""system"":""urn:umf:medical:synthetic-codes"",""code"":""copay""}"
supplement::CoverageEligibilityResponse/negative/insurance/0/item/0/category/coding/0,supplement::CoverageEligibilityResponse/negative,/insurance/0/item/0/category/coding/0,urn:umf:medical:synthetic-codes,\N,benefit,\N,"{""system"":""urn:umf:medical:synthetic-codes"",""code"":""benefit""}"
supplement::CoverageEligibilityResponse/negative/insurance/0/item/0/benefit/0/type/coding/0,supplement::CoverageEligibilityResponse/negative,/insurance/0/item/0/benefit/0/type/coding/0,urn:umf:medical:synthetic-codes,\N,annual-limit,\N,"{""system"":""urn:umf:medical:synthetic-codes"",""code"":""annual-limit""}"
supplement::CoverageEligibilityResponse/positive/insurance/0/item/0/category/coding/0,supplement::CoverageEligibilityResponse/positive,/insurance/0/item/0/category/coding/0,urn:umf:medical:synthetic-codes,\N,benefit,\N,"{""system"":""urn:umf:medical:synthetic-codes"",""code"":""benefit""}"
supplement::CoverageEligibilityResponse/positive/insurance/0/item/0/benefit/0/type/coding/0,supplement::CoverageEligibilityResponse/positive,/insurance/0/item/0/benefit/0/type/coding/0,urn:umf:medical:synthetic-codes,\N,annual-limit,\N,"{""system"":""urn:umf:medical:synthetic-codes"",""code"":""annual-limit""}"
supplement::ExplanationOfBenefit/paid-denied/type/coding/0,supplement::ExplanationOfBenefit/paid-denied,/type/coding/0,urn:umf:medical:synthetic-codes,\N,professional,\N,"{""system"":""urn:umf:medical:synthetic-codes"",""code"":""professional""}"
supplement::PaymentReconciliation/remit/detail/0/type/coding/0,supplement::PaymentReconciliation/remit,/detail/0/type/coding/0,urn:umf:medical:synthetic-codes,\N,payment,\N,"{""system"":""urn:umf:medical:synthetic-codes"",""code"":""payment""}"
supplement::ClaimResponse/authorization-approved/type/coding/0,supplement::ClaimResponse/authorization-approved,/type/coding/0,urn:umf:medical:synthetic-codes,\N,professional,\N,"{""system"":""urn:umf:medical:synthetic-codes"",""code"":""professional""}"
supplement::ClaimResponse/authorization-approved/item/0/adjudication/0/category/coding/0,supplement::ClaimResponse/authorization-approved,/item/0/adjudication/0/category/coding/0,urn:umf:medical:synthetic-codes,\N,submitted,\N,"{""system"":""urn:umf:medical:synthetic-codes"",""code"":""submitted""}"
supplement::ClaimResponse/authorization-approved/item/0/adjudication/1/category/coding/0,supplement::ClaimResponse/authorization-approved,/item/0/adjudication/1/category/coding/0,urn:umf:medical:synthetic-codes,\N,benefit,\N,"{""system"":""urn:umf:medical:synthetic-codes"",""code"":""benefit""}"
supplement::ClaimResponse/authorization-approved/item/0/adjudication/1/reason/coding/0,supplement::ClaimResponse/authorization-approved,/item/0/adjudication/1/reason/coding/0,urn:umf:medical:synthetic-codes,\N,approved,\N,"{""system"":""urn:umf:medical:synthetic-codes"",""code"":""approved""}"
supplement::ClaimResponse/authorization-approved/item/0/adjudication/2/category/coding/0,supplement::ClaimResponse/authorization-approved,/item/0/adjudication/2/category/coding/0,urn:umf:medical:synthetic-codes,\N,member-liability,\N,"{""system"":""urn:umf:medical:synthetic-codes"",""code"":""member-liability""}"
supplement::ClaimResponse/authorization-approved/item/1/adjudication/0/category/coding/0,supplement::ClaimResponse/authorization-approved,/item/1/adjudication/0/category/coding/0,urn:umf:medical:synthetic-codes,\N,submitted,\N,"{""system"":""urn:umf:medical:synthetic-codes"",""code"":""submitted""}"
supplement::ClaimResponse/authorization-approved/item/1/adjudication/1/category/coding/0,supplement::ClaimResponse/authorization-approved,/item/1/adjudication/1/category/coding/0,urn:umf:medical:synthetic-codes,\N,benefit,\N,"{""system"":""urn:umf:medical:synthetic-codes"",""code"":""benefit""}"
supplement::ClaimResponse/authorization-approved/item/1/adjudication/1/reason/coding/0,supplement::ClaimResponse/authorization-approved,/item/1/adjudication/1/reason/coding/0,urn:umf:medical:synthetic-codes,\N,denied,\N,"{""system"":""urn:umf:medical:synthetic-codes"",""code"":""denied""}"
supplement::ClaimResponse/authorization-approved/item/1/adjudication/2/category/coding/0,supplement::ClaimResponse/authorization-approved,/item/1/adjudication/2/category/coding/0,urn:umf:medical:synthetic-codes,\N,member-liability,\N,"{""system"":""urn:umf:medical:synthetic-codes"",""code"":""member-liability""}"
supplement::ClaimResponse/authorization-denied/type/coding/0,supplement::ClaimResponse/authorization-denied,/type/coding/0,urn:umf:medical:synthetic-codes,\N,professional,\N,"{""system"":""urn:umf:medical:synthetic-codes"",""code"":""professional""}"
supplement::ClaimResponse/authorization-denied/item/0/adjudication/0/category/coding/0,supplement::ClaimResponse/authorization-denied,/item/0/adjudication/0/category/coding/0,urn:umf:medical:synthetic-codes,\N,submitted,\N,"{""system"":""urn:umf:medical:synthetic-codes"",""code"":""submitted""}"
supplement::ClaimResponse/authorization-denied/item/0/adjudication/1/category/coding/0,supplement::ClaimResponse/authorization-denied,/item/0/adjudication/1/category/coding/0,urn:umf:medical:synthetic-codes,\N,benefit,\N,"{""system"":""urn:umf:medical:synthetic-codes"",""code"":""benefit""}"
supplement::ClaimResponse/authorization-denied/item/0/adjudication/1/reason/coding/0,supplement::ClaimResponse/authorization-denied,/item/0/adjudication/1/reason/coding/0,urn:umf:medical:synthetic-codes,\N,denied,\N,"{""system"":""urn:umf:medical:synthetic-codes"",""code"":""denied""}"
supplement::ClaimResponse/authorization-denied/item/0/adjudication/2/category/coding/0,supplement::ClaimResponse/authorization-denied,/item/0/adjudication/2/category/coding/0,urn:umf:medical:synthetic-codes,\N,member-liability,\N,"{""system"":""urn:umf:medical:synthetic-codes"",""code"":""member-liability""}"
supplement::ClaimResponse/authorization-denied/item/1/adjudication/0/category/coding/0,supplement::ClaimResponse/authorization-denied,/item/1/adjudication/0/category/coding/0,urn:umf:medical:synthetic-codes,\N,submitted,\N,"{""system"":""urn:umf:medical:synthetic-codes"",""code"":""submitted""}"
supplement::ClaimResponse/authorization-denied/item/1/adjudication/1/category/coding/0,supplement::ClaimResponse/authorization-denied,/item/1/adjudication/1/category/coding/0,urn:umf:medical:synthetic-codes,\N,benefit,\N,"{""system"":""urn:umf:medical:synthetic-codes"",""code"":""benefit""}"
supplement::ClaimResponse/authorization-denied/item/1/adjudication/1/reason/coding/0,supplement::ClaimResponse/authorization-denied,/item/1/adjudication/1/reason/coding/0,urn:umf:medical:synthetic-codes,\N,denied,\N,"{""system"":""urn:umf:medical:synthetic-codes"",""code"":""denied""}"
supplement::ClaimResponse/authorization-denied/item/1/adjudication/2/category/coding/0,supplement::ClaimResponse/authorization-denied,/item/1/adjudication/2/category/coding/0,urn:umf:medical:synthetic-codes,\N,member-liability,\N,"{""system"":""urn:umf:medical:synthetic-codes"",""code"":""member-liability""}"
supplement::ClaimResponse/paid-denied/type/coding/0,supplement::ClaimResponse/paid-denied,/type/coding/0,urn:umf:medical:synthetic-codes,\N,professional,\N,"{""system"":""urn:umf:medical:synthetic-codes"",""code"":""professional""}"
supplement::ClaimResponse/paid-denied/item/0/adjudication/0/category/coding/0,supplement::ClaimResponse/paid-denied,/item/0/adjudication/0/category/coding/0,urn:umf:medical:synthetic-codes,\N,submitted,\N,"{""system"":""urn:umf:medical:synthetic-codes"",""code"":""submitted""}"
supplement::ClaimResponse/paid-denied/item/0/adjudication/1/category/coding/0,supplement::ClaimResponse/paid-denied,/item/0/adjudication/1/category/coding/0,urn:umf:medical:synthetic-codes,\N,benefit,\N,"{""system"":""urn:umf:medical:synthetic-codes"",""code"":""benefit""}"
supplement::ClaimResponse/paid-denied/item/0/adjudication/1/reason/coding/0,supplement::ClaimResponse/paid-denied,/item/0/adjudication/1/reason/coding/0,urn:umf:medical:synthetic-codes,\N,approved,\N,"{""system"":""urn:umf:medical:synthetic-codes"",""code"":""approved""}"
supplement::ClaimResponse/paid-denied/item/0/adjudication/2/category/coding/0,supplement::ClaimResponse/paid-denied,/item/0/adjudication/2/category/coding/0,urn:umf:medical:synthetic-codes,\N,member-liability,\N,"{""system"":""urn:umf:medical:synthetic-codes"",""code"":""member-liability""}"
supplement::ClaimResponse/paid-denied/item/1/adjudication/0/category/coding/0,supplement::ClaimResponse/paid-denied,/item/1/adjudication/0/category/coding/0,urn:umf:medical:synthetic-codes,\N,submitted,\N,"{""system"":""urn:umf:medical:synthetic-codes"",""code"":""submitted""}"
supplement::ClaimResponse/paid-denied/item/1/adjudication/1/category/coding/0,supplement::ClaimResponse/paid-denied,/item/1/adjudication/1/category/coding/0,urn:umf:medical:synthetic-codes,\N,benefit,\N,"{""system"":""urn:umf:medical:synthetic-codes"",""code"":""benefit""}"
supplement::ClaimResponse/paid-denied/item/1/adjudication/1/reason/coding/0,supplement::ClaimResponse/paid-denied,/item/1/adjudication/1/reason/coding/0,urn:umf:medical:synthetic-codes,\N,denied,\N,"{""system"":""urn:umf:medical:synthetic-codes"",""code"":""denied""}"
supplement::ClaimResponse/paid-denied/item/1/adjudication/2/category/coding/0,supplement::ClaimResponse/paid-denied,/item/1/adjudication/2/category/coding/0,urn:umf:medical:synthetic-codes,\N,member-liability,\N,"{""system"":""urn:umf:medical:synthetic-codes"",""code"":""member-liability""}"
