instance_key,source_id,study_uid,series_uid,sop_instance_uid,sop_class_uid,modality,metadata_json,binary_reference,binary_sha256,transfer_syntax
synthetic-dicom,synthetic-dicom,2.25.555010,2.25.555020,2.25.555001,1.2.840.10008.5.1.4.1.1.7,OT,"{
  ""00080016"": {
    ""vr"": ""UI"",
    ""Value"": [
      ""1.2.840.10008.5.1.4.1.1.7""
    ]
  },
  ""00080018"": {
    ""vr"": ""UI"",
    ""Value"": [
      ""2.25.555001""
    ]
  },
  ""0020000D"": {
    ""vr"": ""UI"",
    ""Value"": [
      ""2.25.555010""
    ]
  },
  ""0020000E"": {
    ""vr"": ""UI"",
    ""Value"": [
      ""2.25.555020""
    ]
  },
  ""00080060"": {
    ""vr"": ""CS"",
    ""Value"": [
      ""OT""
    ]
  },
  ""00100010"": {
    ""vr"": ""PN"",
    ""Value"": [
      {
        ""Alphabetic"": ""SYNTHETIC^UMF""
      }
    ]
  },
  ""00100020"": {
    ""vr"": ""LO"",
    ""Value"": [
      ""umf-synthetic-only""
    ]
  },
  ""00080020"": {
    ""vr"": ""DA"",
    ""Value"": [
      ""20260103""
    ]
  },
  ""00200011"": {
    ""vr"": ""IS"",
    ""Value"": [
      1
    ]
  },
  ""00200013"": {
    ""vr"": ""IS"",
    ""Value"": [
      1
    ]
  },
  ""00280010"": {
    ""vr"": ""US"",
    ""Value"": [
      4
    ]
  },
  ""00280011"": {
    ""vr"": ""US"",
    ""Value"": [
      4
    ]
  },
  ""00280002"": {
    ""vr"": ""US"",
    ""Value"": [
      1
    ]
  },
  ""00280004"": {
    ""vr"": ""CS"",
    ""Value"": [
      ""MONOCHROME2""
    ]
  },
  ""00280100"": {
    ""vr"": ""US"",
    ""Value"": [
      8
    ]
  },
  ""00280101"": {
    ""vr"": ""US"",
    ""Value"": [
      8
    ]
  },
  ""00280102"": {
    ""vr"": ""US"",
    ""Value"": [
      7
    ]
  },
  ""00280103"": {
    ""vr"": ""US"",
    ""Value"": [
      0
    ]
  },
  ""7FE00010"": {
    ""vr"": ""OW"",
    ""InlineBinary"": ""AAECAwQFBgcICQoLDA0ODw==""
  },
  ""00110010"": {
    ""vr"": ""LO"",
    ""Value"": [
      ""UMF_SYNTHETIC""
    ]
  },
  ""00111001"": {
    ""vr"": ""LO"",
    ""Value"": [
      ""unknown private meaning retained""
    ]
  },
  ""00111010"": {
    ""vr"": ""SQ"",
    ""Value"": [
      {
        ""00110010"": {
          ""vr"": ""LO"",
          ""Value"": [
            ""UMF_SYNTHETIC""
          ]
        },
        ""00111002"": {
          ""vr"": ""DS"",
          ""Value"": [
            1.25,
            2.5
          ]
        }
      }
    ]
  }
}
",sources/synthetic.dcm,54f23548d26d998a92fac698f829f330d19bf8633bab848a5b33da5710e1db1d,1.2.840.10008.1.2.1
