annotation_id,document_id,issue_group_id,screening_class,disputed_issue,outcome_effect,opinion_voice,annotator,method,review_state,historical_qualification
annotation-01,castillo,sentencing-commentary,explicit_division,Whether commentary can add inchoate offenses to the pre-amendment career-offender guideline.,Vacated the sentence and remanded because commentary could not expand the historical guideline to conspiracy.,majority,Codex (AI); no attorney review,Manual source-text comparison during corpus authoring,provisional_requires_attorney_review,Historical guideline text and later amendments must be checked; Havis reconsideration is not its full merits opinion.
annotation-02,tabb,sentencing-commentary,comparison_opposing_holding,Whether commentary can add inchoate offenses to the pre-amendment career-offender guideline.,"Affirmed the career-offender enhancement, including the narcotics-conspiracy predicate.",majority,Codex (AI); no attorney review,Manual source-text comparison during corpus authoring,provisional_requires_attorney_review,Historical guideline text and later amendments must be checked; Havis reconsideration is not its full merits opinion.
annotation-03,brown,class-certification,dissent_asserted_division,Whether race-discrimination evidence supports class certification against Nucor.,Vacated in part and remanded for class treatment; Judge Agee said Bennett could not be reconciled.,dissent,Codex (AI); no attorney review,Manual source-text comparison during corpus authoring,provisional_requires_attorney_review,Dissent asserts a split; different plants and records may distinguish the cases.
annotation-04,bennett,class-certification,comparison_opposing_result,Whether race-discrimination evidence supports class certification against Nucor.,"Affirmed the district court judgment, including denial of class certification; comparability requires review.",majority,Codex (AI); no attorney review,Manual source-text comparison during corpus authoring,provisional_requires_attorney_review,Dissent asserts a split; different plants and records may distinguish the cases.
annotation-05,smith,geofence,explicit_division_with_outcome_caveat,Whether the geofence warrant at issue violates the Fourth Amendment and whether good faith prevents exclusion.,Held the described geofence warrant unconstitutional but affirmed denial of suppression under good faith.,majority,Codex (AI); no attorney review,Manual source-text comparison during corpus authoring,provisional_requires_attorney_review,Smith compares a 2024 panel not bundled here; the retained 2025 en banc document has multiple opinion voices and later certiorari stamp.
annotation-06,chatrie,geofence,subsequent_en_banc_status,Whether the geofence warrant at issue violates the Fourth Amendment and whether good faith prevents exclusion.,The en banc court affirmed; fragmented opinions require voice-specific review before comparing constitutional holdings.,per_curiam_and_separate_opinions,Codex (AI); no attorney review,Manual source-text comparison during corpus authoring,provisional_requires_attorney_review,Smith compares a 2024 panel not bundled here; the retained 2025 en banc document has multiple opinion voices and later certiorari stamp.
annotation-07,aybar,registration-jurisdiction,statutory_distinction_negative,Whether business registration supplies consent to general personal jurisdiction.,Held New York registration did not consent to general jurisdiction; this statutory holding alone does not conflict on Pennsylvania due process.,majority,Codex (AI); no attorney review,Manual source-text comparison during corpus authoring,provisional_requires_attorney_review,New York statutory construction and Pennsylvania express-consent due process are different questions; membership is not a federal split.
annotation-08,mallory-pa,registration-jurisdiction,historical_supreme_court_resolution,Whether business registration supplies consent to general personal jurisdiction.,Pennsylvania rejected its mandatory registration jurisdiction scheme; the bundled Supreme Court decision later vacated and remanded.,majority,Codex (AI); no attorney review,Manual source-text comparison during corpus authoring,provisional_requires_attorney_review,New York statutory construction and Pennsylvania express-consent due process are different questions; membership is not a federal split.
annotation-09,black-rehearing,immigration-detention,contested_division,Who bears the burden at a bond hearing remedying unreasonably prolonged detention.,Rehearing was denied; the concurrence disputes the dissent claim of a split and distinguishes prolonged detention remedies.,concurrence_in_denial,Codex (AI); no attorney review,Manual source-text comparison during corpus authoring,provisional_requires_attorney_review,Separate statutory mandatory hearings from prolonged-detention remedies; concurrence and dissent contest the existence of a split.
annotation-10,black-rehearing,immigration-detention,dissent_asserted_division,Who bears the burden at a bond hearing remedying unreasonably prolonged detention.,Judge Nardini urged en banc review based on asserted divergent burdens of proof; rehearing was denied.,dissent_from_denial,Codex (AI); no attorney review,Manual source-text comparison during corpus authoring,provisional_requires_attorney_review,Separate statutory mandatory hearings from prolonged-detention remedies; concurrence and dissent contest the existence of a split.
annotation-11,german-santos,immigration-detention,agreement_negative,Who bears the burden at a bond hearing remedying unreasonably prolonged detention.,Reversed and remanded for a bond hearing with the government bearing the burden; Black concurrence describes agreement on the prolonged 1226(c) remedy.,cross_document_comparison,Codex (AI); no attorney review,Manual source-text comparison during corpus authoring,provisional_requires_attorney_review,Separate statutory mandatory hearings from prolonged-detention remedies; concurrence and dissent contest the existence of a split.
annotation-12,graham,successive-habeas,explicit_division_incomplete_comparator,Whether 2244(b)(1) applies to successive federal prisoner 2255 motions.,Granted successive authorization after holding 2244(b)(1) did not govern federal 2255 motions; opposing opinions remain unbundled.,majority,Codex (AI); no attorney review,Manual source-text comparison during corpus authoring,provisional_requires_attorney_review,Opposing circuit merits opinions are cited but not bundled; Taylor is not a comparison on the successive-motion question.
annotation-13,cobra-amended,mine-temporary-reinstatement,dissent_asserted_division,Whether a temporary miner reinstatement order is immediately reviewable.,Dismissed the review petition for lack of jurisdiction; Judge Agee argued that the rule created a circuit split.,dissent,Codex (AI); no attorney review,Manual source-text comparison during corpus authoring,provisional_requires_attorney_review,Dissent asserts intercircuit division; opposing circuit merits documents not bundled. Amendment is a citation correction.
annotation-14,hirschfeld-vacatur,firearm-age,vacated_negative,Whether federal handgun dealer restrictions on persons under 21 violate the Second Amendment.,"Vacated the prior panel opinions and remanded to dismiss as moot, so the earlier split signal is historical.",disposition,Codex (AI); no attorney review,Manual source-text comparison during corpus authoring,provisional_requires_attorney_review,Panel vacated as moot; no current precedential or viable opportunity claim.
annotation-15,vmg,sound-recording-sampling,explicit_division,Whether de minimis copying applies to sampling a copyrighted sound recording.,"Applied de minimis copying to sound recordings and affirmed infringement summary judgment, while vacating and remanding the fee award.",majority,Codex (AI); no attorney review,Manual source-text comparison during corpus authoring,provisional_requires_attorney_review,Express historical disagreement; distinguish sound recording and composition rights.
annotation-16,bridgeport,sound-recording-sampling,comparison_opposing_holding,Whether de minimis copying applies to sampling a copyrighted sound recording.,Rejected de minimis sampling of a sound recording and reversed that part of the judgment.,majority,Codex (AI); no attorney review,Manual source-text comparison during corpus authoring,provisional_requires_attorney_review,Express historical disagreement; distinguish sound recording and composition rights.
annotation-17,ny-doj-panel,grant-conditions,comparison_opposing_holding,Whether the Attorney General can impose immigration-related Byrne JAG funding conditions.,"Reversed the injunction against the immigration-related grant conditions, contrary to the approach in Philadelphia.",majority,Codex (AI); no attorney review,Manual source-text comparison during corpus authoring,provisional_requires_attorney_review,Historical statutory conflict; subsequent treatment not comprehensively checked.
annotation-18,philadelphia,grant-conditions,comparison_opposing_holding,Whether the Attorney General can impose immigration-related Byrne JAG funding conditions.,Upheld the ruling against the challenged grant conditions but vacated the separate judicial-warrant requirement portion of the order.,majority,Codex (AI); no attorney review,Manual source-text comparison during corpus authoring,provisional_requires_attorney_review,Historical statutory conflict; subsequent treatment not comprehensively checked.
