case_id,case_name,docket_number,court_id
ca9:21-50054,United States v. Castillo,21-50054,ca9
ca3:18-2888,United States v. Nasir,18-2888,ca3
ca6:17-5772,United States v. Havis,17-5772,ca6
ca4:13-1779,Brown v. Nucor Corporation,13-1779,ca4
ca8:09-3831/3834;10-1332,Bennett v. Nucor Corporation,09-3831/3834;10-1332,ca8
ca4:22-4489,United States v. Chatrie,22-4489,ca4
ca5:23-60321,United States v. Smith,23-60321,ca5
ca9:21-55365,Muñoz v. U.S. Department of State,21-55365,ca9
scotus:23-334,Department of State v. Muñoz,23-334,scotus
ca9:17-10548,United States v. Hansen,17-10548,ca9
scotus:22-179,United States v. Hansen,22-179,scotus
ca9:20-35222,Kennedy v. Bremerton School District,20-35222,ca9
scotus:21-418,Kennedy v. Bremerton School District,21-418,scotus
nycoa:54;APL-2019-00239,Aybar v. Aybar,54;APL-2019-00239,nycoa
scotus:21-1168,Mallory v. Norfolk Southern Railway Co.,21-1168,scotus
ca2:20-3224;22-70,Black v. Almodovar; G.M. v. Almodovar,20-3224;22-70,ca2
ca2:19-267,State of New York v. U.S. Department of Justice,19-267,ca2
ca4:20-221,In re Graham,20-221,ca4
scotus:20-1459,United States v. Taylor,20-1459,scotus
ca4:13-1406,"Cobra Natural Resources, LLC v. Federal Mine Safety and Health Review Commission",13-1406,ca4
ca4:19-2250,Hirschfeld v. ATF,19-2250,ca4
ca2:18-338,United States v. Tabb,18-338,ca2
ca9:13-57104;14-55837,"VMG Salsoul, LLC v. Ciccone",13-57104;14-55837,ca9
ca6:02-6521;03-5738,"Bridgeport Music, Inc. v. Dimension Films",02-6521;03-5738,ca6
ca3:18-2648,City of Philadelphia v. Attorney General,18-2648,ca3
ca3:19-2663,German Santos v. Warden Pike County Correctional Facility,19-2663,ca3
pasc:3 EAP 2021,Mallory v. Norfolk Southern Railway Co.,3 EAP 2021,pasc
