association_id,document_id,issue_group_id,comparison_role,distinction
castillo:group,castillo,sentencing-commentary,merits_comparison_candidate,Historical guideline text and later amendments must be checked; Havis reconsideration is not its full merits opinion.
nasir:group,nasir,sentencing-commentary,merits_comparison_candidate,Historical guideline text and later amendments must be checked; Havis reconsideration is not its full merits opinion.
havis-reconsideration:group,havis-reconsideration,sentencing-commentary,version_or_status_order,Historical guideline text and later amendments must be checked; Havis reconsideration is not its full merits opinion.
brown:group,brown,class-certification,merits_comparison_candidate,Dissent asserts a split; different plants and records may distinguish the cases.
bennett:group,bennett,class-certification,merits_comparison_candidate,Dissent asserts a split; different plants and records may distinguish the cases.
chatrie:group,chatrie,geofence,merits_comparison_candidate,Smith compares a 2024 panel not bundled here; the retained 2025 en banc document has multiple opinion voices and later certiorari stamp.
chatrie-rehearing:group,chatrie-rehearing,geofence,version_or_status_order,Smith compares a 2024 panel not bundled here; the retained 2025 en banc document has multiple opinion voices and later certiorari stamp.
smith:group,smith,geofence,merits_comparison_candidate,Smith compares a 2024 panel not bundled here; the retained 2025 en banc document has multiple opinion voices and later certiorari stamp.
munoz-panel:group,munoz-panel,consular-review,merits_comparison_candidate,Subsequent Supreme Court resolution is bundled; historical opportunity only.
munoz-rehearing:group,munoz-rehearing,consular-review,version_or_status_order,Subsequent Supreme Court resolution is bundled; historical opportunity only.
munoz-scotus:group,munoz-scotus,consular-review,subsequent_supreme_court_resolution,Subsequent Supreme Court resolution is bundled; historical opportunity only.
hansen-panel:group,hansen-panel,speech-overbreadth,merits_comparison_candidate,Supreme Court resolution bundled; panel is not current treatment.
hansen-rehearing:group,hansen-rehearing,speech-overbreadth,version_or_status_order,Supreme Court resolution bundled; panel is not current treatment.
hansen-scotus:group,hansen-scotus,speech-overbreadth,subsequent_supreme_court_resolution,Supreme Court resolution bundled; panel is not current treatment.
kennedy-panel:group,kennedy-panel,school-prayer,merits_comparison_candidate,Historical disagreement and Supreme Court resolution; factual characterization matters.
kennedy-rehearing:group,kennedy-rehearing,school-prayer,version_or_status_order,Historical disagreement and Supreme Court resolution; factual characterization matters.
kennedy-scotus:group,kennedy-scotus,school-prayer,subsequent_supreme_court_resolution,Historical disagreement and Supreme Court resolution; factual characterization matters.
aybar:group,aybar,registration-jurisdiction,merits_comparison_candidate,New York statutory construction and Pennsylvania express-consent due process are different questions; membership is not a federal split.
mallory-scotus:group,mallory-scotus,registration-jurisdiction,subsequent_supreme_court_resolution,New York statutory construction and Pennsylvania express-consent due process are different questions; membership is not a federal split.
black-rehearing:group,black-rehearing,immigration-detention,version_or_status_order,Separate statutory mandatory hearings from prolonged-detention remedies; concurrence and dissent contest the existence of a split.
ny-doj-rehearing:group,ny-doj-rehearing,grant-conditions,version_or_status_order,Historical statutory conflict; subsequent treatment not comprehensively checked.
graham:group,graham,successive-habeas,merits_comparison_candidate,Opposing circuit merits opinions are cited but not bundled; Taylor is not a comparison on the successive-motion question.
taylor:group,taylor,successive-habeas,historical_context_only,Opposing circuit merits opinions are cited but not bundled; Taylor is not a comparison on the successive-motion question.
cobra-amended:group,cobra-amended,mine-temporary-reinstatement,version_or_status_order,Dissent asserts intercircuit division; opposing circuit merits documents not bundled. Amendment is a citation correction.
hirschfeld-vacatur:group,hirschfeld-vacatur,firearm-age,version_or_status_order,Panel vacated as moot; no current precedential or viable opportunity claim.
hirschfeld-panel:group,hirschfeld-panel,firearm-age,merits_comparison_candidate,Panel vacated as moot; no current precedential or viable opportunity claim.
tabb:group,tabb,sentencing-commentary,merits_comparison_candidate,Historical guideline text and later amendments must be checked; Havis reconsideration is not its full merits opinion.
vmg:group,vmg,sound-recording-sampling,merits_comparison_candidate,Express historical disagreement; distinguish sound recording and composition rights.
bridgeport:group,bridgeport,sound-recording-sampling,merits_comparison_candidate,Express historical disagreement; distinguish sound recording and composition rights.
philadelphia:group,philadelphia,grant-conditions,merits_comparison_candidate,Historical statutory conflict; subsequent treatment not comprehensively checked.
ny-doj-panel:group,ny-doj-panel,grant-conditions,merits_comparison_candidate,Historical statutory conflict; subsequent treatment not comprehensively checked.
cobra-original:group,cobra-original,mine-temporary-reinstatement,merits_comparison_candidate,Dissent asserts intercircuit division; opposing circuit merits documents not bundled. Amendment is a citation correction.
german-santos:group,german-santos,immigration-detention,merits_comparison_candidate,Separate statutory mandatory hearings from prolonged-detention remedies; concurrence and dissent contest the existence of a split.
mallory-pa:group,mallory-pa,registration-jurisdiction,merits_comparison_candidate,New York statutory construction and Pennsylvania express-consent due process are different questions; membership is not a federal split.
