concept_key,system,release,code,billable,short_display,display,effective_start,effective_end,native_line
http://hl7.org/fhir/sid/icd-10-cm|FY2026-2025-10-01|A00,http://hl7.org/fhir/sid/icd-10-cm,FY2026-2025-10-01,A00,false,Cholera,Cholera,2025-10-01,2026-03-31,00001 A00     0 Cholera                                                      Cholera
http://hl7.org/fhir/sid/icd-10-cm|FY2026-2025-10-01|A000,http://hl7.org/fhir/sid/icd-10-cm,FY2026-2025-10-01,A000,true,"Cholera due to Vibrio cholerae 01, biovar cholerae","Cholera due to Vibrio cholerae 01, biovar cholerae",2025-10-01,2026-03-31,"00002 A000    1 Cholera due to Vibrio cholerae 01, biovar cholerae           Cholera due to Vibrio cholerae 01, biovar cholerae"
http://hl7.org/fhir/sid/icd-10-cm|FY2026-2025-10-01|A001,http://hl7.org/fhir/sid/icd-10-cm,FY2026-2025-10-01,A001,true,"Cholera due to Vibrio cholerae 01, biovar eltor","Cholera due to Vibrio cholerae 01, biovar eltor",2025-10-01,2026-03-31,"00003 A001    1 Cholera due to Vibrio cholerae 01, biovar eltor              Cholera due to Vibrio cholerae 01, biovar eltor"
http://hl7.org/fhir/sid/icd-10-cm|FY2026-2025-10-01|A009,http://hl7.org/fhir/sid/icd-10-cm,FY2026-2025-10-01,A009,true,"Cholera, unspecified","Cholera, unspecified",2025-10-01,2026-03-31,"00004 A009    1 Cholera, unspecified                                         Cholera, unspecified"
http://hl7.org/fhir/sid/icd-10-cm|FY2026-2025-10-01|A01,http://hl7.org/fhir/sid/icd-10-cm,FY2026-2025-10-01,A01,false,Typhoid and paratyphoid fevers,Typhoid and paratyphoid fevers,2025-10-01,2026-03-31,00005 A01     0 Typhoid and paratyphoid fevers                               Typhoid and paratyphoid fevers
http://hl7.org/fhir/sid/icd-10-cm|FY2026-2025-10-01|A010,http://hl7.org/fhir/sid/icd-10-cm,FY2026-2025-10-01,A010,false,Typhoid fever,Typhoid fever,2025-10-01,2026-03-31,00006 A010    0 Typhoid fever                                                Typhoid fever
http://hl7.org/fhir/sid/icd-10-cm|FY2026-2025-10-01|A0100,http://hl7.org/fhir/sid/icd-10-cm,FY2026-2025-10-01,A0100,true,"Typhoid fever, unspecified","Typhoid fever, unspecified",2025-10-01,2026-03-31,"00007 A0100   1 Typhoid fever, unspecified                                   Typhoid fever, unspecified"
http://hl7.org/fhir/sid/icd-10-cm|FY2026-2025-10-01|A0101,http://hl7.org/fhir/sid/icd-10-cm,FY2026-2025-10-01,A0101,true,Typhoid meningitis,Typhoid meningitis,2025-10-01,2026-03-31,00008 A0101   1 Typhoid meningitis                                           Typhoid meningitis
http://hl7.org/fhir/sid/icd-10-cm|FY2026-2025-10-01|A0102,http://hl7.org/fhir/sid/icd-10-cm,FY2026-2025-10-01,A0102,true,Typhoid fever with heart involvement,Typhoid fever with heart involvement,2025-10-01,2026-03-31,00009 A0102   1 Typhoid fever with heart involvement                         Typhoid fever with heart involvement
http://hl7.org/fhir/sid/icd-10-cm|FY2026-2025-10-01|A0103,http://hl7.org/fhir/sid/icd-10-cm,FY2026-2025-10-01,A0103,true,Typhoid pneumonia,Typhoid pneumonia,2025-10-01,2026-03-31,00010 A0103   1 Typhoid pneumonia                                            Typhoid pneumonia
http://hl7.org/fhir/sid/icd-10-cm|FY2026-2025-10-01|A0104,http://hl7.org/fhir/sid/icd-10-cm,FY2026-2025-10-01,A0104,true,Typhoid arthritis,Typhoid arthritis,2025-10-01,2026-03-31,00011 A0104   1 Typhoid arthritis                                            Typhoid arthritis
http://hl7.org/fhir/sid/icd-10-cm|FY2026-2025-10-01|A0105,http://hl7.org/fhir/sid/icd-10-cm,FY2026-2025-10-01,A0105,true,Typhoid osteomyelitis,Typhoid osteomyelitis,2025-10-01,2026-03-31,00012 A0105   1 Typhoid osteomyelitis                                        Typhoid osteomyelitis
