measure_key,source_id,year,geography,geography_vintage,cause,case_definition,measure,count,count_status,adjusted_rate,rate_status,rate_unit,adjustment,population_denominator,denominator_status,uncertainty_json,native_json
cdc/0,cdc,1999,Alabama,\N,All causes,All Causes,underlying-cause mortality,44806,reported,1009.3,reported,per 100000 population,age-adjusted to 2000 US standard population,\N,not supplied in source rows,\N,"{""year"":""1999"",""_113_cause_name"":""All Causes"",""cause_name"":""All causes"",""state"":""Alabama"",""deaths"":""44806"",""aadr"":""1009.3""}"
cdc/1,cdc,1999,Alabama,\N,Alzheimer's disease,Alzheimer's disease (G30),underlying-cause mortality,772,reported,17.8,reported,per 100000 population,age-adjusted to 2000 US standard population,\N,not supplied in source rows,\N,"{""year"":""1999"",""_113_cause_name"":""Alzheimer's disease (G30)"",""cause_name"":""Alzheimer's disease"",""state"":""Alabama"",""deaths"":""772"",""aadr"":""17.8""}"
cdc/2,cdc,1999,Alabama,\N,Cancer,Malignant neoplasms (C00-C97),underlying-cause mortality,9506,reported,210.9,reported,per 100000 population,age-adjusted to 2000 US standard population,\N,not supplied in source rows,\N,"{""year"":""1999"",""_113_cause_name"":""Malignant neoplasms (C00-C97)"",""cause_name"":""Cancer"",""state"":""Alabama"",""deaths"":""9506"",""aadr"":""210.9""}"
cdc/3,cdc,1999,Alabama,\N,CLRD,Chronic lower respiratory diseases (J40-J47),underlying-cause mortality,2179,reported,48.6,reported,per 100000 population,age-adjusted to 2000 US standard population,\N,not supplied in source rows,\N,"{""year"":""1999"",""_113_cause_name"":""Chronic lower respiratory diseases (J40-J47)"",""cause_name"":""CLRD"",""state"":""Alabama"",""deaths"":""2179"",""aadr"":""48.6""}"
cdc/4,cdc,1999,Alabama,\N,Diabetes,Diabetes mellitus (E10-E14),underlying-cause mortality,1341,reported,30.0,reported,per 100000 population,age-adjusted to 2000 US standard population,\N,not supplied in source rows,\N,"{""year"":""1999"",""_113_cause_name"":""Diabetes mellitus (E10-E14)"",""cause_name"":""Diabetes"",""state"":""Alabama"",""deaths"":""1341"",""aadr"":""30.0""}"
cdc/5,cdc,1999,Alabama,\N,Heart disease,"Diseases of heart (I00-I09,I11,I13,I20-I51)",underlying-cause mortality,13419,reported,303.0,reported,per 100000 population,age-adjusted to 2000 US standard population,\N,not supplied in source rows,\N,"{""year"":""1999"",""_113_cause_name"":""Diseases of heart (I00-I09,I11,I13,I20-I51)"",""cause_name"":""Heart disease"",""state"":""Alabama"",""deaths"":""13419"",""aadr"":""303.0""}"
cdc/6,cdc,1999,Alabama,\N,Influenza and pneumonia,Influenza and pneumonia (J09-J18),underlying-cause mortality,1228,reported,28.2,reported,per 100000 population,age-adjusted to 2000 US standard population,\N,not supplied in source rows,\N,"{""year"":""1999"",""_113_cause_name"":""Influenza and pneumonia (J09-J18)"",""cause_name"":""Influenza and pneumonia"",""state"":""Alabama"",""deaths"":""1228"",""aadr"":""28.2""}"
cdc/7,cdc,1999,Alabama,\N,Kidney disease,"Nephritis, nephrotic syndrome and nephrosis (N00-N07,N17-N19,N25-N27)",underlying-cause mortality,979,reported,22.2,reported,per 100000 population,age-adjusted to 2000 US standard population,\N,not supplied in source rows,\N,"{""year"":""1999"",""_113_cause_name"":""Nephritis, nephrotic syndrome and nephrosis (N00-N07,N17-N19,N25-N27)"",""cause_name"":""Kidney disease"",""state"":""Alabama"",""deaths"":""979"",""aadr"":""22.2""}"
cdc/8,cdc,1999,Alabama,\N,Stroke,Cerebrovascular diseases (I60-I69),underlying-cause mortality,3148,reported,71.5,reported,per 100000 population,age-adjusted to 2000 US standard population,\N,not supplied in source rows,\N,"{""year"":""1999"",""_113_cause_name"":""Cerebrovascular diseases (I60-I69)"",""cause_name"":""Stroke"",""state"":""Alabama"",""deaths"":""3148"",""aadr"":""71.5""}"
cdc/9,cdc,1999,Alabama,\N,Suicide,"Intentional self-harm (suicide) (*U03,X60-X84,Y87.0)",underlying-cause mortality,555,reported,12.5,reported,per 100000 population,age-adjusted to 2000 US standard population,\N,not supplied in source rows,\N,"{""year"":""1999"",""_113_cause_name"":""Intentional self-harm (suicide) (*U03,X60-X84,Y87.0)"",""cause_name"":""Suicide"",""state"":""Alabama"",""deaths"":""555"",""aadr"":""12.5""}"
cdc/10,cdc,1999,Alabama,\N,Unintentional injuries,"Accidents (unintentional injuries) (V01-X59,Y85-Y86)",underlying-cause mortality,2313,reported,52.2,reported,per 100000 population,age-adjusted to 2000 US standard population,\N,not supplied in source rows,\N,"{""year"":""1999"",""_113_cause_name"":""Accidents (unintentional injuries) (V01-X59,Y85-Y86)"",""cause_name"":""Unintentional injuries"",""state"":""Alabama"",""deaths"":""2313"",""aadr"":""52.2""}"
cdc/11,cdc,1999,Alaska,\N,All causes,All Causes,underlying-cause mortality,2708,reported,838.9,reported,per 100000 population,age-adjusted to 2000 US standard population,\N,not supplied in source rows,\N,"{""year"":""1999"",""_113_cause_name"":""All Causes"",""cause_name"":""All causes"",""state"":""Alaska"",""deaths"":""2708"",""aadr"":""838.9""}"
