"id","filing_id","source_id","native_url","availability","format","extraction_status"
"[""[\""0000320193\"",\""0001140361-26-035325\""]"",""primary""]","[""0000320193"",""0001140361-26-035325""]","\N","https://www.sec.gov/Archives/edgar/data/320193/000114036126035325/ef20081427_8ka.htm","unavailable-http-403","html","not-retrieved; no narrative/section/exhibit analysis"
"[""[\""0000320193\"",\""0000320193-26-000018\""]"",""primary""]","[""0000320193"",""0000320193-26-000018""]","\N","https://www.sec.gov/Archives/edgar/data/320193/000032019326000018/aapl-20260730.htm","not-requested","html","not-retrieved; no narrative/section/exhibit analysis"
"[""[\""0000320193\"",\""0000320193-26-000011\""]"",""primary""]","[""0000320193"",""0000320193-26-000011""]","\N","https://www.sec.gov/Archives/edgar/data/320193/000032019326000011/aapl-20260430.htm","not-requested","html","not-retrieved; no narrative/section/exhibit analysis"
"[""[\""0000320193\"",\""0001140361-26-015711\""]"",""primary""]","[""0000320193"",""0001140361-26-015711""]","\N","https://www.sec.gov/Archives/edgar/data/320193/000114036126015711/ef20071035_8k.htm","not-requested","html","not-retrieved; no narrative/section/exhibit analysis"
"[""[\""0000320193\"",\""0001140361-26-006577\""]"",""primary""]","[""0000320193"",""0001140361-26-006577""]","\N","https://www.sec.gov/Archives/edgar/data/320193/000114036126006577/ef20060722_8k.htm","not-requested","html","not-retrieved; no narrative/section/exhibit analysis"
"[""[\""0000320193\"",\""0000320193-26-000005\""]"",""primary""]","[""0000320193"",""0000320193-26-000005""]","\N","https://www.sec.gov/Archives/edgar/data/320193/000032019326000005/aapl-20260129.htm","not-requested","html","not-retrieved; no narrative/section/exhibit analysis"
"[""[\""0000320193\"",\""0001140361-26-000199\""]"",""primary""]","[""0000320193"",""0001140361-26-000199""]","\N","https://www.sec.gov/Archives/edgar/data/320193/000114036126000199/ef20060722_8k.htm","not-requested","html","not-retrieved; no narrative/section/exhibit analysis"
"[""[\""0000320193\"",\""0001140361-25-044561\""]"",""primary""]","[""0000320193"",""0001140361-25-044561""]","\N","https://www.sec.gov/Archives/edgar/data/320193/000114036125044561/ef20060722_8k.htm","not-requested","html","not-retrieved; no narrative/section/exhibit analysis"
"[""[\""0000320193\"",\""0000320193-25-000077\""]"",""primary""]","[""0000320193"",""0000320193-25-000077""]","\N","https://www.sec.gov/Archives/edgar/data/320193/000032019325000077/aapl-20251030.htm","not-requested","html","not-retrieved; no narrative/section/exhibit analysis"
"[""[\""0000789019\"",\""0001193125-26-380280\""]"",""primary""]","[""0000789019"",""0001193125-26-380280""]","\N","https://www.sec.gov/Archives/edgar/data/789019/000119312526380280/d291965d8k.htm","unavailable-http-403","html","not-retrieved; no narrative/section/exhibit analysis"
"[""[\""0000789019\"",\""0001193125-26-323632\""]"",""primary""]","[""0000789019"",""0001193125-26-323632""]","\N","https://www.sec.gov/Archives/edgar/data/789019/000119312526323632/msft-20260729.htm","not-requested","html","not-retrieved; no narrative/section/exhibit analysis"
"[""[\""0000789019\"",\""0001193125-26-258667\""]"",""primary""]","[""0000789019"",""0001193125-26-258667""]","\N","https://www.sec.gov/Archives/edgar/data/789019/000119312526258667/d26760d8k.htm","not-requested","html","not-retrieved; no narrative/section/exhibit analysis"
"[""[\""0000789019\"",\""0001193125-26-224155\""]"",""primary""]","[""0000789019"",""0001193125-26-224155""]","\N","https://www.sec.gov/Archives/edgar/data/789019/000119312526224155/d125909d8k.htm","not-requested","html","not-retrieved; no narrative/section/exhibit analysis"
"[""[\""0000789019\"",\""0001193125-26-191457\""]"",""primary""]","[""0000789019"",""0001193125-26-191457""]","\N","https://www.sec.gov/Archives/edgar/data/789019/000119312526191457/msft-20260429.htm","not-requested","html","not-retrieved; no narrative/section/exhibit analysis"
"[""[\""0000789019\"",\""0001193125-26-027198\""]"",""primary""]","[""0000789019"",""0001193125-26-027198""]","\N","https://www.sec.gov/Archives/edgar/data/789019/000119312526027198/msft-20260128.htm","not-requested","html","not-retrieved; no narrative/section/exhibit analysis"
"[""[\""0000789019\"",\""0001193125-25-311196\""]"",""primary""]","[""0000789019"",""0001193125-25-311196""]","\N","https://www.sec.gov/Archives/edgar/data/789019/000119312525311196/d34077d8k.htm","not-requested","html","not-retrieved; no narrative/section/exhibit analysis"
"[""[\""0000789019\"",\""0001193125-25-256310\""]"",""primary""]","[""0000789019"",""0001193125-25-256310""]","\N","https://www.sec.gov/Archives/edgar/data/789019/000119312525256310/msft-20251028.htm","not-requested","html","not-retrieved; no narrative/section/exhibit analysis"
"[""[\""0001652044\"",\""0001193125-26-342390\""]"",""primary""]","[""0001652044"",""0001193125-26-342390""]","\N","https://www.sec.gov/Archives/edgar/data/1652044/000119312526342390/d171253d8k.htm","unavailable-http-403","html","not-retrieved; no narrative/section/exhibit analysis"
"[""[\""0001652044\"",\""0001652044-26-000066\""]"",""primary""]","[""0001652044"",""0001652044-26-000066""]","\N","https://www.sec.gov/Archives/edgar/data/1652044/000165204426000066/goog-20260722.htm","not-requested","html","not-retrieved; no narrative/section/exhibit analysis"
"[""[\""0001652044\"",\""0001193125-26-267578\""]"",""primary""]","[""0001652044"",""0001193125-26-267578""]","\N","https://www.sec.gov/Archives/edgar/data/1652044/000119312526267578/d57679d8k.htm","not-requested","html","not-retrieved; no narrative/section/exhibit analysis"
"[""[\""0001652044\"",\""0001193125-26-259830\""]"",""primary""]","[""0001652044"",""0001193125-26-259830""]","\N","https://www.sec.gov/Archives/edgar/data/1652044/000119312526259830/d36818d8k.htm","not-requested","html","not-retrieved; no narrative/section/exhibit analysis"
"[""[\""0001652044\"",\""0001652044-26-000059\""]"",""primary""]","[""0001652044"",""0001652044-26-000059""]","\N","https://www.sec.gov/Archives/edgar/data/1652044/000165204426000059/goog-20260602.htm","not-requested","html","not-retrieved; no narrative/section/exhibit analysis"
"[""[\""0001652044\"",\""0001193125-26-257724\""]"",""primary""]","[""0001652044"",""0001193125-26-257724""]","\N","https://www.sec.gov/Archives/edgar/data/1652044/000119312526257724/d83560d8k.htm","not-requested","html","not-retrieved; no narrative/section/exhibit analysis"
"[""[\""0001652044\"",\""0001193125-26-234488\""]"",""primary""]","[""0001652044"",""0001193125-26-234488""]","\N","https://www.sec.gov/Archives/edgar/data/1652044/000119312526234488/d144566d8k.htm","not-requested","html","not-retrieved; no narrative/section/exhibit analysis"
"[""[\""0001652044\"",\""0001193125-26-216986\""]"",""primary""]","[""0001652044"",""0001193125-26-216986""]","\N","https://www.sec.gov/Archives/edgar/data/1652044/000119312526216986/d109021d8k.htm","not-requested","html","not-retrieved; no narrative/section/exhibit analysis"
"[""[\""0001652044\"",\""0001652044-26-000043\""]"",""primary""]","[""0001652044"",""0001652044-26-000043""]","\N","https://www.sec.gov/Archives/edgar/data/1652044/000165204426000043/goog-20260429.htm","not-requested","html","not-retrieved; no narrative/section/exhibit analysis"
"[""[\""0001652044\"",\""0001652044-26-000034\""]"",""primary""]","[""0001652044"",""0001652044-26-000034""]","\N","https://www.sec.gov/Archives/edgar/data/1652044/000165204426000034/goog-20260407.htm","not-requested","html","not-retrieved; no narrative/section/exhibit analysis"
"[""[\""0001652044\"",\""0001652044-26-000031\""]"",""primary""]","[""0001652044"",""0001652044-26-000031""]","\N","https://www.sec.gov/Archives/edgar/data/1652044/000165204426000031/goog-20260330.htm","not-requested","html","not-retrieved; no narrative/section/exhibit analysis"
"[""[\""0001652044\"",\""0001652044-26-000026\""]"",""primary""]","[""0001652044"",""0001652044-26-000026""]","\N","https://www.sec.gov/Archives/edgar/data/1652044/000165204426000026/goog-20260304.htm","not-requested","html","not-retrieved; no narrative/section/exhibit analysis"
"[""[\""0001652044\"",\""0001193125-26-051423\""]"",""primary""]","[""0001652044"",""0001193125-26-051423""]","\N","https://www.sec.gov/Archives/edgar/data/1652044/000119312526051423/d946885d8k.htm","not-requested","html","not-retrieved; no narrative/section/exhibit analysis"
"[""[\""0001652044\"",\""0001652044-26-000012\""]"",""primary""]","[""0001652044"",""0001652044-26-000012""]","\N","https://www.sec.gov/Archives/edgar/data/1652044/000165204426000012/goog-20260204.htm","not-requested","html","not-retrieved; no narrative/section/exhibit analysis"
"[""[\""0001652044\"",\""0001193125-25-269979\""]"",""primary""]","[""0001652044"",""0001193125-25-269979""]","\N","https://www.sec.gov/Archives/edgar/data/1652044/000119312525269979/d56115d8k.htm","not-requested","html","not-retrieved; no narrative/section/exhibit analysis"
"[""[\""0001652044\"",\""0001652044-25-000087\""]"",""primary""]","[""0001652044"",""0001652044-25-000087""]","\N","https://www.sec.gov/Archives/edgar/data/1652044/000165204425000087/goog-20251029.htm","not-requested","html","not-retrieved; no narrative/section/exhibit analysis"
"[""[\""0001018724\"",\""0001104659-26-107526\""]"",""primary""]","[""0001018724"",""0001104659-26-107526""]","\N","https://www.sec.gov/Archives/edgar/data/1018724/000110465926107526/tm2624614d5_8k.htm","unavailable-http-403","html","not-retrieved; no narrative/section/exhibit analysis"
"[""[\""0001018724\"",\""0001018724-26-000036\""]"",""primary""]","[""0001018724"",""0001018724-26-000036""]","\N","https://www.sec.gov/Archives/edgar/data/1018724/000101872426000036/amzn-20260908.htm","not-requested","html","not-retrieved; no narrative/section/exhibit analysis"
"[""[\""0001018724\"",\""0001018724-26-000024\""]"",""primary""]","[""0001018724"",""0001018724-26-000024""]","\N","https://www.sec.gov/Archives/edgar/data/1018724/000101872426000024/amzn-20260730.htm","not-requested","html","not-retrieved; no narrative/section/exhibit analysis"
"[""[\""0001018724\"",\""0001104659-26-082293\""]"",""primary""]","[""0001018724"",""0001104659-26-082293""]","\N","https://www.sec.gov/Archives/edgar/data/1018724/000110465926082293/tm2619352d4_8k.htm","not-requested","html","not-retrieved; no narrative/section/exhibit analysis"
"[""[\""0001018724\"",\""0001104659-26-073562\""]"",""primary""]","[""0001018724"",""0001104659-26-073562""]","\N","https://www.sec.gov/Archives/edgar/data/1018724/000110465926073562/tm2613616d5_8k.htm","not-requested","html","not-retrieved; no narrative/section/exhibit analysis"
"[""[\""0001018724\"",\""0001104659-26-072140\""]"",""primary""]","[""0001018724"",""0001104659-26-072140""]","\N","https://www.sec.gov/Archives/edgar/data/1018724/000110465926072140/tm2613616d4_8k.htm","not-requested","html","not-retrieved; no narrative/section/exhibit analysis"
"[""[\""0001018724\"",\""0001104659-26-065717\""]"",""primary""]","[""0001018724"",""0001104659-26-065717""]","\N","https://www.sec.gov/Archives/edgar/data/1018724/000110465926065717/tm2614288d1_8k.htm","not-requested","html","not-retrieved; no narrative/section/exhibit analysis"
"[""[\""0001018724\"",\""0001018724-26-000012\""]"",""primary""]","[""0001018724"",""0001018724-26-000012""]","\N","https://www.sec.gov/Archives/edgar/data/1018724/000101872426000012/amzn-20260429.htm","not-requested","html","not-retrieved; no narrative/section/exhibit analysis"
"[""[\""0001018724\"",\""0001104659-26-042880\""]"",""primary""]","[""0001018724"",""0001104659-26-042880""]","\N","https://www.sec.gov/Archives/edgar/data/1018724/000110465926042880/tm2611746d1_8k.htm","not-requested","html","not-retrieved; no narrative/section/exhibit analysis"
"[""[\""0001018724\"",\""0001104659-26-041034\""]"",""primary""]","[""0001018724"",""0001104659-26-041034""]","\N","https://www.sec.gov/Archives/edgar/data/1018724/000110465926041034/tm263815d2_8k.htm","not-requested","html","not-retrieved; no narrative/section/exhibit analysis"
"[""[\""0001018724\"",\""0001104659-26-028556\""]"",""primary""]","[""0001018724"",""0001104659-26-028556""]","\N","https://www.sec.gov/Archives/edgar/data/1018724/000110465926028556/tm266670d9_8k.htm","not-requested","html","not-retrieved; no narrative/section/exhibit analysis"
"[""[\""0001018724\"",\""0001104659-26-027729\""]"",""primary""]","[""0001018724"",""0001104659-26-027729""]","\N","https://www.sec.gov/Archives/edgar/data/1018724/000110465926027729/tm266670d8_8k.htm","not-requested","html","not-retrieved; no narrative/section/exhibit analysis"
"[""[\""0001018724\"",\""0001104659-26-021050\""]"",""primary""]","[""0001018724"",""0001104659-26-021050""]","\N","https://www.sec.gov/Archives/edgar/data/1018724/000110465926021050/tm267374d1_8k.htm","not-requested","html","not-retrieved; no narrative/section/exhibit analysis"
"[""[\""0001018724\"",\""0001018724-26-000002\""]"",""primary""]","[""0001018724"",""0001018724-26-000002""]","\N","https://www.sec.gov/Archives/edgar/data/1018724/000101872426000002/amzn-20260205.htm","not-requested","html","not-retrieved; no narrative/section/exhibit analysis"
"[""[\""0001018724\"",\""0001104659-25-114647\""]"",""primary""]","[""0001018724"",""0001104659-25-114647""]","\N","https://www.sec.gov/Archives/edgar/data/1018724/000110465925114647/tm2530638d3_8k.htm","not-requested","html","not-retrieved; no narrative/section/exhibit analysis"
"[""[\""0001018724\"",\""0001018724-25-000121\""]"",""primary""]","[""0001018724"",""0001018724-25-000121""]","\N","https://www.sec.gov/Archives/edgar/data/1018724/000101872425000121/amzn-20251030.htm","not-requested","html","not-retrieved; no narrative/section/exhibit analysis"
"[""[\""0001326801\"",\""0001628280-26-050596\""]"",""primary""]","[""0001326801"",""0001628280-26-050596""]","\N","https://www.sec.gov/Archives/edgar/data/1326801/000162828026050596/meta-20260729.htm","unavailable-http-403","html","not-retrieved; no narrative/section/exhibit analysis"
"[""[\""0001326801\"",\""0001628280-26-039193\""]"",""primary""]","[""0001326801"",""0001628280-26-039193""]","\N","https://www.sec.gov/Archives/edgar/data/1326801/000162828026039193/meta-20260527.htm","not-requested","html","not-retrieved; no narrative/section/exhibit analysis"
"[""[\""0001326801\"",\""0001193125-26-204128\""]"",""primary""]","[""0001326801"",""0001193125-26-204128""]","\N","https://www.sec.gov/Archives/edgar/data/1326801/000119312526204128/d134616d8k.htm","not-requested","html","not-retrieved; no narrative/section/exhibit analysis"
"[""[\""0001326801\"",\""0001628280-26-028364\""]"",""primary""]","[""0001326801"",""0001628280-26-028364""]","\N","https://www.sec.gov/Archives/edgar/data/1326801/000162828026028364/meta-20260429.htm","not-requested","html","not-retrieved; no narrative/section/exhibit analysis"
"[""[\""0001326801\"",\""0001628280-26-025108\""]"",""primary""]","[""0001326801"",""0001628280-26-025108""]","\N","https://www.sec.gov/Archives/edgar/data/1326801/000162828026025108/meta-20260408.htm","not-requested","html","not-retrieved; no narrative/section/exhibit analysis"
"[""[\""0001326801\"",\""0001628280-26-003832\""]"",""primary""]","[""0001326801"",""0001628280-26-003832""]","\N","https://www.sec.gov/Archives/edgar/data/1326801/000162828026003832/meta-20260128.htm","not-requested","html","not-retrieved; no narrative/section/exhibit analysis"
"[""[\""0001326801\"",\""0001628280-26-002429\""]"",""primary""]","[""0001326801"",""0001628280-26-002429""]","\N","https://www.sec.gov/Archives/edgar/data/1326801/000162828026002429/meta-20260112.htm","not-requested","html","not-retrieved; no narrative/section/exhibit analysis"
"[""[\""0001326801\"",\""0001628280-25-058337\""]"",""primary""]","[""0001326801"",""0001628280-25-058337""]","\N","https://www.sec.gov/Archives/edgar/data/1326801/000162828025058337/meta-20251219.htm","not-requested","html","not-retrieved; no narrative/section/exhibit analysis"
"[""[\""0001326801\"",\""0001628280-25-056768\""]"",""primary""]","[""0001326801"",""0001628280-25-056768""]","\N","https://www.sec.gov/Archives/edgar/data/1326801/000162828025056768/meta-20251205.htm","not-requested","html","not-retrieved; no narrative/section/exhibit analysis"
"[""[\""0001326801\"",\""0001193125-25-262593\""]"",""primary""]","[""0001326801"",""0001193125-25-262593""]","\N","https://www.sec.gov/Archives/edgar/data/1326801/000119312525262593/d75422d8k.htm","not-requested","html","not-retrieved; no narrative/section/exhibit analysis"
"[""[\""0001326801\"",\""0001628280-25-047114\""]"",""primary""]","[""0001326801"",""0001628280-25-047114""]","\N","https://www.sec.gov/Archives/edgar/data/1326801/000162828025047114/meta-20251029.htm","not-requested","html","not-retrieved; no narrative/section/exhibit analysis"
"[""[\""0001045810\"",\""0001045810-26-000078\""]"",""primary""]","[""0001045810"",""0001045810-26-000078""]","\N","https://www.sec.gov/Archives/edgar/data/1045810/000104581026000078/nvda-20260902.htm","unavailable-http-403","html","not-retrieved; no narrative/section/exhibit analysis"
"[""[\""0001045810\"",\""0001045810-26-000073\""]"",""primary""]","[""0001045810"",""0001045810-26-000073""]","\N","https://www.sec.gov/Archives/edgar/data/1045810/000104581026000073/nvda-20260826.htm","not-requested","html","not-retrieved; no narrative/section/exhibit analysis"
"[""[\""0001045810\"",\""0001045810-26-000069\""]"",""primary""]","[""0001045810"",""0001045810-26-000069""]","\N","https://www.sec.gov/Archives/edgar/data/1045810/000104581026000069/nvda-20260817.htm","not-requested","html","not-retrieved; no narrative/section/exhibit analysis"
"[""[\""0001045810\"",\""0001045810-26-000060\""]"",""primary""]","[""0001045810"",""0001045810-26-000060""]","\N","https://www.sec.gov/Archives/edgar/data/1045810/000104581026000060/nvda-20260628.htm","not-requested","html","not-retrieved; no narrative/section/exhibit analysis"
"[""[\""0001045810\"",\""0001045810-26-000056\""]"",""primary""]","[""0001045810"",""0001045810-26-000056""]","\N","https://www.sec.gov/Archives/edgar/data/1045810/000104581026000056/nvda-20260624.htm","not-requested","html","not-retrieved; no narrative/section/exhibit analysis"
"[""[\""0001045810\"",\""0001193125-26-275783\""]"",""primary""]","[""0001045810"",""0001193125-26-275783""]","\N","https://www.sec.gov/Archives/edgar/data/1045810/000119312526275783/d48176d8k.htm","not-requested","html","not-retrieved; no narrative/section/exhibit analysis"
"[""[\""0001045810\"",\""0001045810-26-000051\""]"",""primary""]","[""0001045810"",""0001045810-26-000051""]","\N","https://www.sec.gov/Archives/edgar/data/1045810/000104581026000051/nvda-20260520.htm","not-requested","html","not-retrieved; no narrative/section/exhibit analysis"
"[""[\""0001045810\"",\""0001045810-26-000028\""]"",""primary""]","[""0001045810"",""0001045810-26-000028""]","\N","https://www.sec.gov/Archives/edgar/data/1045810/000104581026000028/nvda-20260507.htm","not-requested","html","not-retrieved; no narrative/section/exhibit analysis"
"[""[\""0001045810\"",\""0001045810-26-000026\""]"",""primary""]","[""0001045810"",""0001045810-26-000026""]","\N","https://www.sec.gov/Archives/edgar/data/1045810/000104581026000026/nvda-20260424.htm","not-requested","html","not-retrieved; no narrative/section/exhibit analysis"
"[""[\""0001045810\"",\""0001045810-26-000024\""]"",""primary""]","[""0001045810"",""0001045810-26-000024""]","\N","https://www.sec.gov/Archives/edgar/data/1045810/000104581026000024/nvda-20260302.htm","not-requested","html","not-retrieved; no narrative/section/exhibit analysis"
"[""[\""0001045810\"",\""0001045810-26-000019\""]"",""primary""]","[""0001045810"",""0001045810-26-000019""]","\N","https://www.sec.gov/Archives/edgar/data/1045810/000104581026000019/nvda-20260225.htm","not-requested","html","not-retrieved; no narrative/section/exhibit analysis"
"[""[\""0001045810\"",\""0001045810-26-000003\""]"",""primary""]","[""0001045810"",""0001045810-26-000003""]","\N","https://www.sec.gov/Archives/edgar/data/1045810/000104581026000003/nvda-20260120.htm","not-requested","html","not-retrieved; no narrative/section/exhibit analysis"
"[""[\""0001045810\"",\""0001045810-25-000228\""]"",""primary""]","[""0001045810"",""0001045810-25-000228""]","\N","https://www.sec.gov/Archives/edgar/data/1045810/000104581025000228/nvda-20251119.htm","not-requested","html","not-retrieved; no narrative/section/exhibit analysis"
"[""[\""0000019617\"",\""0001193125-26-314128\""]"",""primary""]","[""0000019617"",""0001193125-26-314128""]","\N","https://www.sec.gov/Archives/edgar/data/19617/000119312526314128/d103985d8k.htm","unavailable-http-403","html","not-retrieved; no narrative/section/exhibit analysis"
"[""[\""0000019617\"",\""0000019617-26-000288\""]"",""primary""]","[""0000019617"",""0000019617-26-000288""]","\N","https://www.sec.gov/Archives/edgar/data/19617/000001961726000288/jpm-20260721.htm","not-requested","html","not-retrieved; no narrative/section/exhibit analysis"
"[""[\""0000019617\"",\""0001628280-26-048086\""]"",""primary""]","[""0000019617"",""0001628280-26-048086""]","\N","https://www.sec.gov/Archives/edgar/data/19617/000162828026048086/jpm-20260714.htm","not-requested","html","not-retrieved; no narrative/section/exhibit analysis"
"[""[\""0000019617\"",\""0001628280-26-048078\""]"",""primary""]","[""0000019617"",""0001628280-26-048078""]","\N","https://www.sec.gov/Archives/edgar/data/19617/000162828026048078/jpm-20260714.htm","not-requested","html","not-retrieved; no narrative/section/exhibit analysis"
"[""[\""0000019617\"",\""0000019617-26-000241\""]"",""primary""]","[""0000019617"",""0000019617-26-000241""]","\N","https://www.sec.gov/Archives/edgar/data/19617/000001961726000241/jpm-20260624.htm","not-requested","html","not-retrieved; no narrative/section/exhibit analysis"
"[""[\""0000019617\"",\""0001628280-26-045169\""]"",""primary""]","[""0000019617"",""0001628280-26-045169""]","\N","https://www.sec.gov/Archives/edgar/data/19617/000162828026045169/jpm-20260624.htm","not-requested","html","not-retrieved; no narrative/section/exhibit analysis"
"[""[\""0000019617\"",\""0001628280-26-045167\""]"",""primary""]","[""0000019617"",""0001628280-26-045167""]","\N","https://www.sec.gov/Archives/edgar/data/19617/000162828026045167/jpm-20260624.htm","not-requested","html","not-retrieved; no narrative/section/exhibit analysis"
"[""[\""0000019617\"",\""0001193125-26-253533\""]"",""primary""]","[""0000019617"",""0001193125-26-253533""]","\N","https://www.sec.gov/Archives/edgar/data/19617/000119312526253533/d113536d8k.htm","not-requested","html","not-retrieved; no narrative/section/exhibit analysis"
"[""[\""0000019617\"",\""0001193125-26-242018\""]"",""primary""]","[""0000019617"",""0001193125-26-242018""]","\N","https://www.sec.gov/Archives/edgar/data/19617/000119312526242018/d51433d8k.htm","not-requested","html","not-retrieved; no narrative/section/exhibit analysis"
"[""[\""0000019617\"",\""0000019617-26-000228\""]"",""primary""]","[""0000019617"",""0000019617-26-000228""]","\N","https://www.sec.gov/Archives/edgar/data/19617/000001961726000228/jpm-20260519.htm","not-requested","html","not-retrieved; no narrative/section/exhibit analysis"
"[""[\""0000019617\"",\""0001193125-26-211978\""]"",""primary""]","[""0000019617"",""0001193125-26-211978""]","\N","https://www.sec.gov/Archives/edgar/data/19617/000119312526211978/d903351d8k.htm","not-requested","html","not-retrieved; no narrative/section/exhibit analysis"
"[""[\""0000019617\"",\""0000019617-26-000119\""]"",""primary""]","[""0000019617"",""0000019617-26-000119""]","\N","https://www.sec.gov/Archives/edgar/data/19617/000001961726000119/jpm-20260421.htm","not-requested","html","not-retrieved; no narrative/section/exhibit analysis"
"[""[\""0000019617\"",\""0001193125-26-173739\""]"",""primary""]","[""0000019617"",""0001193125-26-173739""]","\N","https://www.sec.gov/Archives/edgar/data/19617/000119312526173739/d235028d8k.htm","not-requested","html","not-retrieved; no narrative/section/exhibit analysis"
"[""[\""0000019617\"",\""0001628280-26-025013\""]"",""primary""]","[""0000019617"",""0001628280-26-025013""]","\N","https://www.sec.gov/Archives/edgar/data/19617/000162828026025013/jpm-20260414.htm","not-requested","html","not-retrieved; no narrative/section/exhibit analysis"
"[""[\""0000019617\"",\""0001628280-26-024990\""]"",""primary""]","[""0000019617"",""0001628280-26-024990""]","\N","https://www.sec.gov/Archives/edgar/data/19617/000162828026024990/jpm-20260414.htm","not-requested","html","not-retrieved; no narrative/section/exhibit analysis"
"[""[\""0000019617\"",\""0001628280-26-010693\""]"",""primary""]","[""0000019617"",""0001628280-26-010693""]","\N","https://www.sec.gov/Archives/edgar/data/19617/000162828026010693/jpm-20260223.htm","not-requested","html","not-retrieved; no narrative/section/exhibit analysis"
"[""[\""0000019617\"",\""0001193125-26-039427\""]"",""primary""]","[""0000019617"",""0001193125-26-039427""]","\N","https://www.sec.gov/Archives/edgar/data/19617/000119312526039427/d23804d8k.htm","not-requested","html","not-retrieved; no narrative/section/exhibit analysis"
"[""[\""0000019617\"",\""0000019617-26-000052\""]"",""primary""]","[""0000019617"",""0000019617-26-000052""]","\N","https://www.sec.gov/Archives/edgar/data/19617/000001961726000052/jpm-20260120.htm","not-requested","html","not-retrieved; no narrative/section/exhibit analysis"
"[""[\""0000019617\"",\""0001193125-26-019450\""]"",""primary""]","[""0000019617"",""0001193125-26-019450""]","\N","https://www.sec.gov/Archives/edgar/data/19617/000119312526019450/d18152d8k.htm","not-requested","html","not-retrieved; no narrative/section/exhibit analysis"
"[""[\""0000019617\"",\""0001628280-26-001915\""]"",""primary""]","[""0000019617"",""0001628280-26-001915""]","\N","https://www.sec.gov/Archives/edgar/data/19617/000162828026001915/jpm-20260113.htm","not-requested","html","not-retrieved; no narrative/section/exhibit analysis"
"[""[\""0000019617\"",\""0001628280-26-001902\""]"",""primary""]","[""0000019617"",""0001628280-26-001902""]","\N","https://www.sec.gov/Archives/edgar/data/19617/000162828026001902/jpm-20260113.htm","not-requested","html","not-retrieved; no narrative/section/exhibit analysis"
"[""[\""0000019617\"",\""0000019617-25-001100\""]"",""primary""]","[""0000019617"",""0000019617-25-001100""]","\N","https://www.sec.gov/Archives/edgar/data/19617/000001961725001100/jpm-20251207.htm","not-requested","html","not-retrieved; no narrative/section/exhibit analysis"
"[""[\""0000019617\"",\""0001193125-25-246803\""]"",""primary""]","[""0000019617"",""0001193125-25-246803""]","\N","https://www.sec.gov/Archives/edgar/data/19617/000119312525246803/d33741d8k.htm","not-requested","html","not-retrieved; no narrative/section/exhibit analysis"
"[""[\""0000019617\"",\""0001628280-25-044887\""]"",""primary""]","[""0000019617"",""0001628280-25-044887""]","\N","https://www.sec.gov/Archives/edgar/data/19617/000162828025044887/jpm-20251014.htm","not-requested","html","not-retrieved; no narrative/section/exhibit analysis"
"[""[\""0000019617\"",\""0001628280-25-044845\""]"",""primary""]","[""0000019617"",""0001628280-25-044845""]","\N","https://www.sec.gov/Archives/edgar/data/19617/000162828025044845/jpm-20251014.htm","not-requested","html","not-retrieved; no narrative/section/exhibit analysis"
"[""[\""0001403161\"",\""0001403161-26-000121\""]"",""primary""]","[""0001403161"",""0001403161-26-000121""]","\N","https://www.sec.gov/Archives/edgar/data/1403161/000140316126000121/v-20260918.htm","unavailable-http-403","html","not-retrieved; no narrative/section/exhibit analysis"
"[""[\""0001403161\"",\""0001403161-26-000103\""]"",""primary""]","[""0001403161"",""0001403161-26-000103""]","\N","https://www.sec.gov/Archives/edgar/data/1403161/000140316126000103/v-20260728.htm","not-requested","html","not-retrieved; no narrative/section/exhibit analysis"
"[""[\""0001403161\"",\""0001403161-26-000096\""]"",""primary""]","[""0001403161"",""0001403161-26-000096""]","\N","https://www.sec.gov/Archives/edgar/data/1403161/000140316126000096/v-20260714.htm","not-requested","html","not-retrieved; no narrative/section/exhibit analysis"
"[""[\""0001403161\"",\""0001403161-26-000086\""]"",""primary""]","[""0001403161"",""0001403161-26-000086""]","\N","https://www.sec.gov/Archives/edgar/data/1403161/000140316126000086/v-20260624.htm","not-requested","html","not-retrieved; no narrative/section/exhibit analysis"
"[""[\""0001403161\"",\""0001193125-26-219432\""]"",""primary""]","[""0001403161"",""0001193125-26-219432""]","\N","https://www.sec.gov/Archives/edgar/data/1403161/000119312526219432/d64238d8k.htm","not-requested","html","not-retrieved; no narrative/section/exhibit analysis"
"[""[\""0001403161\"",\""0001193125-26-215875\""]"",""primary""]","[""0001403161"",""0001193125-26-215875""]","\N","https://www.sec.gov/Archives/edgar/data/1403161/000119312526215875/d59695d8k.htm","not-requested","html","not-retrieved; no narrative/section/exhibit analysis"
"[""[\""0001403161\"",\""0001403161-26-000077\""]"",""primary""]","[""0001403161"",""0001403161-26-000077""]","\N","https://www.sec.gov/Archives/edgar/data/1403161/000140316126000077/v-20260428.htm","not-requested","html","not-retrieved; no narrative/section/exhibit analysis"
"[""[\""0001403161\"",\""0001403161-26-000063\""]"",""primary""]","[""0001403161"",""0001403161-26-000063""]","\N","https://www.sec.gov/Archives/edgar/data/1403161/000140316126000063/v-20260225.htm","not-requested","html","not-retrieved; no narrative/section/exhibit analysis"
"[""[\""0001403161\"",\""0001403161-26-000049\""]"",""primary""]","[""0001403161"",""0001403161-26-000049""]","\N","https://www.sec.gov/Archives/edgar/data/1403161/000140316126000049/v-20260213.htm","not-requested","html","not-retrieved; no narrative/section/exhibit analysis"
"[""[\""0001403161\"",\""0001628280-26-007709\""]"",""primary""]","[""0001403161"",""0001628280-26-007709""]","\N","https://www.sec.gov/Archives/edgar/data/1403161/000162828026007709/v-20260203.htm","not-requested","html","not-retrieved; no narrative/section/exhibit analysis"
"[""[\""0001403161\"",\""0001403161-26-000044\""]"",""primary""]","[""0001403161"",""0001403161-26-000044""]","\N","https://www.sec.gov/Archives/edgar/data/1403161/000140316126000044/v-20260127.htm","not-requested","html","not-retrieved; no narrative/section/exhibit analysis"
"[""[\""0001403161\"",\""0001403161-26-000029\""]"",""primary""]","[""0001403161"",""0001403161-26-000029""]","\N","https://www.sec.gov/Archives/edgar/data/1403161/000140316126000029/v-20260127.htm","not-requested","html","not-retrieved; no narrative/section/exhibit analysis"
"[""[\""0001403161\"",\""0001403161-25-000137\""]"",""primary""]","[""0001403161"",""0001403161-25-000137""]","\N","https://www.sec.gov/Archives/edgar/data/1403161/000140316125000137/v-20251230.htm","not-requested","html","not-retrieved; no narrative/section/exhibit analysis"
"[""[\""0001403161\"",\""0001403161-25-000134\""]"",""primary""]","[""0001403161"",""0001403161-25-000134""]","\N","https://www.sec.gov/Archives/edgar/data/1403161/000140316125000134/v-20251223.htm","not-requested","html","not-retrieved; no narrative/section/exhibit analysis"
"[""[\""0001403161\"",\""0001403161-25-000093\""]"",""primary""]","[""0001403161"",""0001403161-25-000093""]","\N","https://www.sec.gov/Archives/edgar/data/1403161/000140316125000093/v-20251110.htm","not-requested","html","not-retrieved; no narrative/section/exhibit analysis"
"[""[\""0001403161\"",\""0001403161-25-000077\""]"",""primary""]","[""0001403161"",""0001403161-25-000077""]","\N","https://www.sec.gov/Archives/edgar/data/1403161/000140316125000077/v-20251028.htm","not-requested","html","not-retrieved; no narrative/section/exhibit analysis"
"[""[\""0000070858\"",\""0000070858-26-000364\""]"",""primary""]","[""0000070858"",""0000070858-26-000364""]","\N","https://www.sec.gov/Archives/edgar/data/70858/000007085826000364/bac-20260723.htm","unavailable-http-403","html","not-retrieved; no narrative/section/exhibit analysis"
"[""[\""0000070858\"",\""0000070858-26-000353\""]"",""primary""]","[""0000070858"",""0000070858-26-000353""]","\N","https://www.sec.gov/Archives/edgar/data/70858/000007085826000353/bac-20260714.htm","not-requested","html","not-retrieved; no narrative/section/exhibit analysis"
"[""[\""0000070858\"",\""0000070858-26-000273\""]"",""primary""]","[""0000070858"",""0000070858-26-000273""]","\N","https://www.sec.gov/Archives/edgar/data/70858/000007085826000273/bac-20260504.htm","not-requested","html","not-retrieved; no narrative/section/exhibit analysis"
"[""[\""0000070858\"",\""0000070858-26-000222\""]"",""primary""]","[""0000070858"",""0000070858-26-000222""]","\N","https://www.sec.gov/Archives/edgar/data/70858/000007085826000222/bac-20260415.htm","not-requested","html","not-retrieved; no narrative/section/exhibit analysis"
"[""[\""0000070858\"",\""0000070858-26-000088\""]"",""primary""]","[""0000070858"",""0000070858-26-000088""]","\N","https://www.sec.gov/Archives/edgar/data/70858/000007085826000088/bac-20260213.htm","not-requested","html","not-retrieved; no narrative/section/exhibit analysis"
"[""[\""0000070858\"",\""0000070858-26-000020\""]"",""primary""]","[""0000070858"",""0000070858-26-000020""]","\N","https://www.sec.gov/Archives/edgar/data/70858/000007085826000020/bac-20260114.htm","not-requested","html","not-retrieved; no narrative/section/exhibit analysis"
"[""[\""0000070858\"",\""0000070858-26-000011\""]"",""primary""]","[""0000070858"",""0000070858-26-000011""]","\N","https://www.sec.gov/Archives/edgar/data/70858/000007085826000011/bac-20260106.htm","not-requested","html","not-retrieved; no narrative/section/exhibit analysis"
"[""[\""0000070858\"",\""0001193125-25-300649\""]"",""primary""]","[""0000070858"",""0001193125-25-300649""]","\N","https://www.sec.gov/Archives/edgar/data/70858/000119312525300649/d949286d8k.htm","not-requested","html","not-retrieved; no narrative/section/exhibit analysis"
"[""[\""0000070858\"",\""0000070858-25-000395\""]"",""primary""]","[""0000070858"",""0000070858-25-000395""]","\N","https://www.sec.gov/Archives/edgar/data/70858/000007085825000395/bac-20251016.htm","not-requested","html","not-retrieved; no narrative/section/exhibit analysis"
"[""[\""0000070858\"",\""0000070858-25-000390\""]"",""primary""]","[""0000070858"",""0000070858-25-000390""]","\N","https://www.sec.gov/Archives/edgar/data/70858/000007085825000390/bac-20251015.htm","not-requested","html","not-retrieved; no narrative/section/exhibit analysis"
"[""[\""0000034088\"",\""0001193125-26-291986\""]"",""primary""]","[""0000034088"",""0001193125-26-291986""]","\N","https://www.sec.gov/Archives/edgar/data/34088/000119312526291986/d70995d8k.htm","unavailable-http-403","html","not-retrieved; no narrative/section/exhibit analysis"
"[""[\""0000034088\"",\""0000034088-26-000078\""]"",""primary""]","[""0000034088"",""0000034088-26-000078""]","\N","https://www.sec.gov/Archives/edgar/data/34088/000003408826000078/xom-20260527.htm","not-requested","html","not-retrieved; no narrative/section/exhibit analysis"
"[""[\""0000034088\"",\""0000034088-26-000069\""]"",""primary""]","[""0000034088"",""0000034088-26-000069""]","\N","https://www.sec.gov/Archives/edgar/data/34088/000003408826000069/xom-20260428.htm","not-requested","html","not-retrieved; no narrative/section/exhibit analysis"
"[""[\""0000034088\"",\""0000034088-26-000065\""]"",""primary""]","[""0000034088"",""0000034088-26-000065""]","\N","https://www.sec.gov/Archives/edgar/data/34088/000003408826000065/xom-20260501.htm","not-requested","html","not-retrieved; no narrative/section/exhibit analysis"
"[""[\""0000034088\"",\""0000034088-26-000056\""]"",""primary""]","[""0000034088"",""0000034088-26-000056""]","\N","https://www.sec.gov/Archives/edgar/data/34088/000003408826000056/xom-20260408.htm","not-requested","html","not-retrieved; no narrative/section/exhibit analysis"
"[""[\""0000034088\"",\""0001193125-26-134838\""]"",""primary""]","[""0000034088"",""0001193125-26-134838""]","\N","https://www.sec.gov/Archives/edgar/data/34088/000119312526134838/d121881d8k.htm","not-requested","html","not-retrieved; no narrative/section/exhibit analysis"
"[""[\""0000034088\"",\""0000034088-26-000047\""]"",""primary""]","[""0000034088"",""0000034088-26-000047""]","\N","https://www.sec.gov/Archives/edgar/data/34088/000003408826000047/xom-20260218.htm","not-requested","html","not-retrieved; no narrative/section/exhibit analysis"
"[""[\""0000034088\"",\""0000034088-26-000033\""]"",""primary""]","[""0000034088"",""0000034088-26-000033""]","\N","https://www.sec.gov/Archives/edgar/data/34088/000003408826000033/xom-20260130.htm","not-requested","html","not-retrieved; no narrative/section/exhibit analysis"
"[""[\""0000034088\"",\""0000034088-26-000030\""]"",""primary""]","[""0000034088"",""0000034088-26-000030""]","\N","https://www.sec.gov/Archives/edgar/data/34088/000003408826000030/xom-20260107.htm","not-requested","html","not-retrieved; no narrative/section/exhibit analysis"
"[""[\""0000034088\"",\""0000034088-25-000122\""]"",""primary""]","[""0000034088"",""0000034088-25-000122""]","\N","https://www.sec.gov/Archives/edgar/data/34088/000003408825000122/xom-20251208.htm","not-requested","html","not-retrieved; no narrative/section/exhibit analysis"
"[""[\""0000034088\"",\""0000034088-25-000074\""]"",""primary""]","[""0000034088"",""0000034088-25-000074""]","\N","https://www.sec.gov/Archives/edgar/data/34088/000003408825000074/xom-20251118.htm","not-requested","html","not-retrieved; no narrative/section/exhibit analysis"
"[""[\""0000034088\"",\""0001193125-25-279379\""]"",""primary""]","[""0000034088"",""0001193125-25-279379""]","\N","https://www.sec.gov/Archives/edgar/data/34088/000119312525279379/d82416d8k.htm","not-requested","html","not-retrieved; no narrative/section/exhibit analysis"
"[""[\""0000034088\"",\""0000034088-25-000063\""]"",""primary""]","[""0000034088"",""0000034088-25-000063""]","\N","https://www.sec.gov/Archives/edgar/data/34088/000003408825000063/xom-20251028.htm","not-requested","html","not-retrieved; no narrative/section/exhibit analysis"
"[""[\""0000034088\"",\""0000034088-25-000059\""]"",""primary""]","[""0000034088"",""0000034088-25-000059""]","\N","https://www.sec.gov/Archives/edgar/data/34088/000003408825000059/xom-20251031.htm","not-requested","html","not-retrieved; no narrative/section/exhibit analysis"
"[""[\""0000034088\"",\""0000034088-25-000055\""]"",""primary""]","[""0000034088"",""0000034088-25-000055""]","\N","https://www.sec.gov/Archives/edgar/data/34088/000003408825000055/xom-20251006.htm","not-requested","html","not-retrieved; no narrative/section/exhibit analysis"
"[""[\""0000093410\"",\""0000093410-26-000162\""]"",""primary""]","[""0000093410"",""0000093410-26-000162""]","\N","https://www.sec.gov/Archives/edgar/data/93410/000009341026000162/cvx-20260731.htm","unavailable-http-403","html","not-retrieved; no narrative/section/exhibit analysis"
"[""[\""0000093410\"",\""0000093410-26-000125\""]"",""primary""]","[""0000093410"",""0000093410-26-000125""]","\N","https://www.sec.gov/Archives/edgar/data/93410/000009341026000125/cvx-20260527.htm","not-requested","html","not-retrieved; no narrative/section/exhibit analysis"
"[""[\""0000093410\"",\""0000093410-26-000123\""]"",""primary""]","[""0000093410"",""0000093410-26-000123""]","\N","https://www.sec.gov/Archives/edgar/data/93410/000009341026000123/cvx-20260527.htm","not-requested","html","not-retrieved; no narrative/section/exhibit analysis"
"[""[\""0000093410\"",\""0000093410-26-000110\""]"",""primary""]","[""0000093410"",""0000093410-26-000110""]","\N","https://www.sec.gov/Archives/edgar/data/93410/000009341026000110/cvx-20260501.htm","not-requested","html","not-retrieved; no narrative/section/exhibit analysis"
"[""[\""0000093410\"",\""0000093410-26-000108\""]"",""primary""]","[""0000093410"",""0000093410-26-000108""]","\N","https://www.sec.gov/Archives/edgar/data/93410/000009341026000108/cvx-20260409.htm","not-requested","html","not-retrieved; no narrative/section/exhibit analysis"
"[""[\""0000093410\"",\""0000093410-26-000103\""]"",""primary""]","[""0000093410"",""0000093410-26-000103""]","\N","https://www.sec.gov/Archives/edgar/data/93410/000009341026000103/cvx-20260325.htm","not-requested","html","not-retrieved; no narrative/section/exhibit analysis"
"[""[\""0000093410\"",\""0000093410-26-000021\""]"",""primary""]","[""0000093410"",""0000093410-26-000021""]","\N","https://www.sec.gov/Archives/edgar/data/93410/000009341026000021/cvx-20260128.htm","not-requested","html","not-retrieved; no narrative/section/exhibit analysis"
"[""[\""0000093410\"",\""0000093410-26-000019\""]"",""primary""]","[""0000093410"",""0000093410-26-000019""]","\N","https://www.sec.gov/Archives/edgar/data/93410/000009341026000019/cvx-20260130.htm","not-requested","html","not-retrieved; no narrative/section/exhibit analysis"
"[""[\""0000093410\"",\""0000093410-26-000010\""]"",""primary""]","[""0000093410"",""0000093410-26-000010""]","\N","https://www.sec.gov/Archives/edgar/data/93410/000009341026000010/cvx-20260127.htm","not-requested","html","not-retrieved; no narrative/section/exhibit analysis"
"[""[\""0000093410\"",\""0000093410-25-000130\""]"",""primary""]","[""0000093410"",""0000093410-25-000130""]","\N","https://www.sec.gov/Archives/edgar/data/93410/000009341025000130/cvx-20250728.htm","not-requested","html","not-retrieved; no narrative/section/exhibit analysis"
"[""[\""0000093410\"",\""0001193125-25-312771\""]"",""primary""]","[""0000093410"",""0001193125-25-312771""]","\N","https://www.sec.gov/Archives/edgar/data/93410/000119312525312771/d47665d8k.htm","not-requested","html","not-retrieved; no narrative/section/exhibit analysis"
"[""[\""0000093410\"",\""0000093410-25-000122\""]"",""primary""]","[""0000093410"",""0000093410-25-000122""]","\N","https://www.sec.gov/Archives/edgar/data/93410/000009341025000122/cvx-20251203.htm","not-requested","html","not-retrieved; no narrative/section/exhibit analysis"
"[""[\""0000093410\"",\""0000093410-25-000105\""]"",""primary""]","[""0000093410"",""0000093410-25-000105""]","\N","https://www.sec.gov/Archives/edgar/data/93410/000009341025000105/cvx-20251029.htm","not-requested","html","not-retrieved; no narrative/section/exhibit analysis"
"[""[\""0000093410\"",\""0000093410-25-000103\""]"",""primary""]","[""0000093410"",""0000093410-25-000103""]","\N","https://www.sec.gov/Archives/edgar/data/93410/000009341025000103/cvx-20251031.htm","not-requested","html","not-retrieved; no narrative/section/exhibit analysis"
"[""[\""0000200406\"",\""0000200406-26-000167\""]"",""primary""]","[""0000200406"",""0000200406-26-000167""]","\N","https://www.sec.gov/Archives/edgar/data/200406/000020040626000167/jnj-20260804.htm","unavailable-http-403","html","not-retrieved; no narrative/section/exhibit analysis"
"[""[\""0000200406\"",\""0000200406-26-000163\""]"",""primary""]","[""0000200406"",""0000200406-26-000163""]","\N","https://www.sec.gov/Archives/edgar/data/200406/000020040626000163/jnj-20260729.htm","not-requested","html","not-retrieved; no narrative/section/exhibit analysis"
"[""[\""0000200406\"",\""0000200406-26-000155\""]"",""primary""]","[""0000200406"",""0000200406-26-000155""]","\N","https://www.sec.gov/Archives/edgar/data/200406/000020040626000155/jnj-20260727.htm","not-requested","html","not-retrieved; no narrative/section/exhibit analysis"
"[""[\""0000200406\"",\""0000200406-26-000146\""]"",""primary""]","[""0000200406"",""0000200406-26-000146""]","\N","https://www.sec.gov/Archives/edgar/data/200406/000020040626000146/jnj-20260715.htm","not-requested","html","not-retrieved; no narrative/section/exhibit analysis"
"[""[\""0000200406\"",\""0000200406-26-000089\""]"",""primary""]","[""0000200406"",""0000200406-26-000089""]","\N","https://www.sec.gov/Archives/edgar/data/200406/000020040626000089/jnj-20260423.htm","not-requested","html","not-retrieved; no narrative/section/exhibit analysis"
"[""[\""0000200406\"",\""0000200406-26-000076\""]"",""primary""]","[""0000200406"",""0000200406-26-000076""]","\N","https://www.sec.gov/Archives/edgar/data/200406/000020040626000076/jnj-20260414.htm","not-requested","html","not-retrieved; no narrative/section/exhibit analysis"
"[""[\""0000200406\"",\""0000200406-26-000002\""]"",""primary""]","[""0000200406"",""0000200406-26-000002""]","\N","https://www.sec.gov/Archives/edgar/data/200406/000020040626000002/jnj-20260121.htm","not-requested","html","not-retrieved; no narrative/section/exhibit analysis"
"[""[\""0000200406\"",\""0000200406-25-000201\""]"",""primary""]","[""0000200406"",""0000200406-25-000201""]","\N","https://www.sec.gov/Archives/edgar/data/200406/000020040625000201/jnj-20251014.htm","not-requested","html","not-retrieved; no narrative/section/exhibit analysis"
"[""[\""0001318605\"",\""0001628280-26-063820\""]"",""primary""]","[""0001318605"",""0001628280-26-063820""]","\N","https://www.sec.gov/Archives/edgar/data/1318605/000162828026063820/tsla-20260929.htm","unavailable-http-403","html","not-retrieved; no narrative/section/exhibit analysis"
"[""[\""0001318605\"",\""0001628280-26-049213\""]"",""primary""]","[""0001318605"",""0001628280-26-049213""]","\N","https://www.sec.gov/Archives/edgar/data/1318605/000162828026049213/tsla-20260722.htm","not-requested","html","not-retrieved; no narrative/section/exhibit analysis"
"[""[\""0001318605\"",\""0001628280-26-046717\""]"",""primary""]","[""0001318605"",""0001628280-26-046717""]","\N","https://www.sec.gov/Archives/edgar/data/1318605/000162828026046717/tsla-20260702.htm","not-requested","html","not-retrieved; no narrative/section/exhibit analysis"
"[""[\""0001318605\"",\""0001628280-26-026551\""]"",""primary""]","[""0001318605"",""0001628280-26-026551""]","\N","https://www.sec.gov/Archives/edgar/data/1318605/000162828026026551/tsla-20260422.htm","not-requested","html","not-retrieved; no narrative/section/exhibit analysis"
"[""[\""0001318605\"",\""0001628280-26-022956\""]"",""primary""]","[""0001318605"",""0001628280-26-022956""]","\N","https://www.sec.gov/Archives/edgar/data/1318605/000162828026022956/tsla-20260402.htm","not-requested","html","not-retrieved; no narrative/section/exhibit analysis"
"[""[\""0001318605\"",\""0001628280-26-003837\""]"",""primary""]","[""0001318605"",""0001628280-26-003837""]","\N","https://www.sec.gov/Archives/edgar/data/1318605/000162828026003837/tsla-20260128.htm","not-requested","html","not-retrieved; no narrative/section/exhibit analysis"
"[""[\""0001318605\"",\""0001628280-26-000016\""]"",""primary""]","[""0001318605"",""0001628280-26-000016""]","\N","https://www.sec.gov/Archives/edgar/data/1318605/000162828026000016/tsla-20260102.htm","not-requested","html","not-retrieved; no narrative/section/exhibit analysis"
"[""[\""0001318605\"",\""0001104659-25-108507\""]"",""primary""]","[""0001318605"",""0001104659-25-108507""]","\N","https://www.sec.gov/Archives/edgar/data/1318605/000110465925108507/tm2530590d1_8k.htm","not-requested","html","not-retrieved; no narrative/section/exhibit analysis"
"[""[\""0001318605\"",\""0001628280-25-045861\""]"",""primary""]","[""0001318605"",""0001628280-25-045861""]","\N","https://www.sec.gov/Archives/edgar/data/1318605/000162828025045861/tsla-20251022.htm","not-requested","html","not-retrieved; no narrative/section/exhibit analysis"
"[""[\""0001318605\"",\""0001628280-25-043530\""]"",""primary""]","[""0001318605"",""0001628280-25-043530""]","\N","https://www.sec.gov/Archives/edgar/data/1318605/000162828025043530/tsla-20251002.htm","not-requested","html","not-retrieved; no narrative/section/exhibit analysis"
"[""[\""0000731766\"",\""0000731766-26-000205\""]"",""primary""]","[""0000731766"",""0000731766-26-000205""]","\N","https://www.sec.gov/Archives/edgar/data/731766/000073176626000205/unh-20260908.htm","unavailable-http-403","html","not-retrieved; no narrative/section/exhibit analysis"
"[""[\""0000731766\"",\""0000731766-26-000191\""]"",""primary""]","[""0000731766"",""0000731766-26-000191""]","\N","https://www.sec.gov/Archives/edgar/data/731766/000073176626000191/unh-20260716.htm","not-requested","html","not-retrieved; no narrative/section/exhibit analysis"
"[""[\""0000731766\"",\""0000731766-26-000138\""]"",""primary""]","[""0000731766"",""0000731766-26-000138""]","\N","https://www.sec.gov/Archives/edgar/data/731766/000073176626000138/unh-20260601.htm","not-requested","html","not-retrieved; no narrative/section/exhibit analysis"
"[""[\""0000731766\"",\""0000731766-26-000129\""]"",""primary""]","[""0000731766"",""0000731766-26-000129""]","\N","https://www.sec.gov/Archives/edgar/data/731766/000073176626000129/unh-20260511.htm","not-requested","html","not-retrieved; no narrative/section/exhibit analysis"
"[""[\""0000731766\"",\""0000731766-26-000121\""]"",""primary""]","[""0000731766"",""0000731766-26-000121""]","\N","https://www.sec.gov/Archives/edgar/data/731766/000073176626000121/unh-20260421.htm","not-requested","html","not-retrieved; no narrative/section/exhibit analysis"
"[""[\""0000731766\"",\""0000731766-26-000067\""]"",""primary""]","[""0000731766"",""0000731766-26-000067""]","\N","https://www.sec.gov/Archives/edgar/data/731766/000073176626000067/unh-20260309.htm","not-requested","html","not-retrieved; no narrative/section/exhibit analysis"
"[""[\""0000731766\"",\""0000731766-26-000064\""]"",""primary""]","[""0000731766"",""0000731766-26-000064""]","\N","https://www.sec.gov/Archives/edgar/data/731766/000073176626000064/unh-20260224.htm","not-requested","html","not-retrieved; no narrative/section/exhibit analysis"
"[""[\""0000731766\"",\""0000731766-26-000046\""]"",""primary""]","[""0000731766"",""0000731766-26-000046""]","\N","https://www.sec.gov/Archives/edgar/data/731766/000073176626000046/unh-20260223.htm","not-requested","html","not-retrieved; no narrative/section/exhibit analysis"
"[""[\""0000731766\"",\""0000731766-26-000025\""]"",""primary""]","[""0000731766"",""0000731766-26-000025""]","\N","https://www.sec.gov/Archives/edgar/data/731766/000073176626000025/unh-20260127.htm","not-requested","html","not-retrieved; no narrative/section/exhibit analysis"
"[""[\""0000731766\"",\""0000731766-26-000020\""]"",""primary""]","[""0000731766"",""0000731766-26-000020""]","\N","https://www.sec.gov/Archives/edgar/data/731766/000073176626000020/unh-20260112.htm","not-requested","html","not-retrieved; no narrative/section/exhibit analysis"
"[""[\""0000731766\"",\""0000731766-25-000314\""]"",""primary""]","[""0000731766"",""0000731766-25-000314""]","\N","https://www.sec.gov/Archives/edgar/data/731766/000073176625000314/unh-20251118.htm","not-requested","html","not-retrieved; no narrative/section/exhibit analysis"
"[""[\""0000731766\"",\""0000731766-25-000310\""]"",""primary""]","[""0000731766"",""0000731766-25-000310""]","\N","https://www.sec.gov/Archives/edgar/data/731766/000073176625000310/unh-20251106.htm","not-requested","html","not-retrieved; no narrative/section/exhibit analysis"
"[""[\""0000731766\"",\""0000731766-25-000308\""]"",""primary""]","[""0000731766"",""0000731766-25-000308""]","\N","https://www.sec.gov/Archives/edgar/data/731766/000073176625000308/unh-20251107.htm","not-requested","html","not-retrieved; no narrative/section/exhibit analysis"
"[""[\""0000731766\"",\""0000731766-25-000301\""]"",""primary""]","[""0000731766"",""0000731766-25-000301""]","\N","https://www.sec.gov/Archives/edgar/data/731766/000073176625000301/unh-20251028.htm","not-requested","html","not-retrieved; no narrative/section/exhibit analysis"
"[""[\""0000080424\"",\""0000080424-26-000097\""]"",""primary""]","[""0000080424"",""0000080424-26-000097""]","\N","https://www.sec.gov/Archives/edgar/data/80424/000008042426000097/pg-20260729.htm","unavailable-http-403","html","not-retrieved; no narrative/section/exhibit analysis"
"[""[\""0000080424\"",\""0000080424-26-000094\""]"",""primary""]","[""0000080424"",""0000080424-26-000094""]","\N","https://www.sec.gov/Archives/edgar/data/80424/000008042426000094/pg-20260729.htm","not-requested","html","not-retrieved; no narrative/section/exhibit analysis"
"[""[\""0000080424\"",\""0000080424-26-000093\""]"",""primary""]","[""0000080424"",""0000080424-26-000093""]","\N","https://www.sec.gov/Archives/edgar/data/80424/000008042426000093/pg-20260729.htm","not-requested","html","not-retrieved; no narrative/section/exhibit analysis"
"[""[\""0000080424\"",\""0000080424-26-000082\""]"",""primary""]","[""0000080424"",""0000080424-26-000082""]","\N","https://www.sec.gov/Archives/edgar/data/80424/000008042426000082/pg-20260714.htm","not-requested","html","not-retrieved; no narrative/section/exhibit analysis"
"[""[\""0000080424\"",\""0000080424-26-000057\""]"",""primary""]","[""0000080424"",""0000080424-26-000057""]","\N","https://www.sec.gov/Archives/edgar/data/80424/000008042426000057/pg-20260424.htm","not-requested","html","not-retrieved; no narrative/section/exhibit analysis"
"[""[\""0000080424\"",\""0000080424-26-000056\""]"",""primary""]","[""0000080424"",""0000080424-26-000056""]","\N","https://www.sec.gov/Archives/edgar/data/80424/000008042426000056/pg-20260424.htm","not-requested","html","not-retrieved; no narrative/section/exhibit analysis"
"[""[\""0000080424\"",\""0000080424-26-000048\""]"",""primary""]","[""0000080424"",""0000080424-26-000048""]","\N","https://www.sec.gov/Archives/edgar/data/80424/000008042426000048/pg-20260414.htm","not-requested","html","not-retrieved; no narrative/section/exhibit analysis"
"[""[\""0000080424\"",\""0000080424-26-000009\""]"",""primary""]","[""0000080424"",""0000080424-26-000009""]","\N","https://www.sec.gov/Archives/edgar/data/80424/000008042426000009/pg-20260122.htm","not-requested","html","not-retrieved; no narrative/section/exhibit analysis"
"[""[\""0000080424\"",\""0000080424-26-000006\""]"",""primary""]","[""0000080424"",""0000080424-26-000006""]","\N","https://www.sec.gov/Archives/edgar/data/80424/000008042426000006/pg-20260122.htm","not-requested","html","not-retrieved; no narrative/section/exhibit analysis"
"[""[\""0000080424\"",\""0000080424-26-000002\""]"",""primary""]","[""0000080424"",""0000080424-26-000002""]","\N","https://www.sec.gov/Archives/edgar/data/80424/000008042426000002/pg-20260113.htm","not-requested","html","not-retrieved; no narrative/section/exhibit analysis"
"[""[\""0000080424\"",\""0000080424-25-000287\""]"",""primary""]","[""0000080424"",""0000080424-25-000287""]","\N","https://www.sec.gov/Archives/edgar/data/80424/000008042425000287/pg-20251215.htm","not-requested","html","not-retrieved; no narrative/section/exhibit analysis"
"[""[\""0000080424\"",\""0001193125-25-264728\""]"",""primary""]","[""0000080424"",""0001193125-25-264728""]","\N","https://www.sec.gov/Archives/edgar/data/80424/000119312525264728/d47629d8k.htm","not-requested","html","not-retrieved; no narrative/section/exhibit analysis"
"[""[\""0000080424\"",\""0001193125-25-262609\""]"",""primary""]","[""0000080424"",""0001193125-25-262609""]","\N","https://www.sec.gov/Archives/edgar/data/80424/000119312525262609/d35820d8k.htm","not-requested","html","not-retrieved; no narrative/section/exhibit analysis"
"[""[\""0000080424\"",\""0000080424-25-000243\""]"",""primary""]","[""0000080424"",""0000080424-25-000243""]","\N","https://www.sec.gov/Archives/edgar/data/80424/000008042425000243/pg-20251024.htm","not-requested","html","not-retrieved; no narrative/section/exhibit analysis"
"[""[\""0000080424\"",\""0000080424-25-000240\""]"",""primary""]","[""0000080424"",""0000080424-25-000240""]","\N","https://www.sec.gov/Archives/edgar/data/80424/000008042425000240/pg-20251024.htm","not-requested","html","not-retrieved; no narrative/section/exhibit analysis"
"[""[\""0000080424\"",\""0000080424-25-000235\""]"",""primary""]","[""0000080424"",""0000080424-25-000235""]","\N","https://www.sec.gov/Archives/edgar/data/80424/000008042425000235/pg-20251016.htm","not-requested","html","not-retrieved; no narrative/section/exhibit analysis"
"[""[\""0000080424\"",\""0000080424-25-000217\""]"",""primary""]","[""0000080424"",""0000080424-25-000217""]","\N","https://www.sec.gov/Archives/edgar/data/80424/000008042425000217/pg-20251014.htm","not-requested","html","not-retrieved; no narrative/section/exhibit analysis"
"[""[\""0000021344\"",\""0001628280-26-049922\""]"",""primary""]","[""0000021344"",""0001628280-26-049922""]","\N","https://www.sec.gov/Archives/edgar/data/21344/000162828026049922/ko-20260728.htm","unavailable-http-403","html","not-retrieved; no narrative/section/exhibit analysis"
"[""[\""0000021344\"",\""0001628280-26-048466\""]"",""primary""]","[""0000021344"",""0001628280-26-048466""]","\N","https://www.sec.gov/Archives/edgar/data/21344/000162828026048466/ko-20260716.htm","not-requested","html","not-retrieved; no narrative/section/exhibit analysis"
"[""[\""0000021344\"",\""0001552781-26-000366\""]"",""primary""]","[""0000021344"",""0001552781-26-000366""]","\N","https://www.sec.gov/Archives/edgar/data/21344/000155278126000366/e26287_ko-8k.htm","not-requested","html","not-retrieved; no narrative/section/exhibit analysis"
"[""[\""0000021344\"",\""0001628280-26-029230\""]"",""primary""]","[""0000021344"",""0001628280-26-029230""]","\N","https://www.sec.gov/Archives/edgar/data/21344/000162828026029230/ko-20260429.htm","not-requested","html","not-retrieved; no narrative/section/exhibit analysis"
"[""[\""0000021344\"",\""0001628280-26-027723\""]"",""primary""]","[""0000021344"",""0001628280-26-027723""]","\N","https://www.sec.gov/Archives/edgar/data/21344/000162828026027723/ko-20260428.htm","not-requested","html","not-retrieved; no narrative/section/exhibit analysis"
"[""[\""0000021344\"",\""0001628280-26-010052\""]"",""primary""]","[""0000021344"",""0001628280-26-010052""]","\N","https://www.sec.gov/Archives/edgar/data/21344/000162828026010052/ko-20260219.htm","not-requested","html","not-retrieved; no narrative/section/exhibit analysis"
"[""[\""0000021344\"",\""0001628280-26-006642\""]"",""primary""]","[""0000021344"",""0001628280-26-006642""]","\N","https://www.sec.gov/Archives/edgar/data/21344/000162828026006642/ko-20260210.htm","not-requested","html","not-retrieved; no narrative/section/exhibit analysis"
"[""[\""0000021344\"",\""0001552781-26-000017\""]"",""primary""]","[""0000021344"",""0001552781-26-000017""]","\N","https://www.sec.gov/Archives/edgar/data/21344/000155278126000017/e26024_ko-8k.htm","not-requested","html","not-retrieved; no narrative/section/exhibit analysis"
"[""[\""0000021344\"",\""0001552781-25-000454\""]"",""primary""]","[""0000021344"",""0001552781-25-000454""]","\N","https://www.sec.gov/Archives/edgar/data/21344/000155278125000454/e25454_ko-8k.htm","not-requested","html","not-retrieved; no narrative/section/exhibit analysis"
"[""[\""0000021344\"",\""0001628280-25-045577\""]"",""primary""]","[""0000021344"",""0001628280-25-045577""]","\N","https://www.sec.gov/Archives/edgar/data/21344/000162828025045577/ko-20251021.htm","not-requested","html","not-retrieved; no narrative/section/exhibit analysis"
"[""[\""0000021344\"",\""0001628280-25-045223\""]"",""primary""]","[""0000021344"",""0001628280-25-045223""]","\N","https://www.sec.gov/Archives/edgar/data/21344/000162828025045223/ko-20251016.htm","not-requested","html","not-retrieved; no narrative/section/exhibit analysis"
"[""[\""0000858877\"",\""0000858877-26-000106\""]"",""primary""]","[""0000858877"",""0000858877-26-000106""]","\N","https://www.sec.gov/Archives/edgar/data/858877/000085887726000106/csco-20260812.htm","not-requested","html","not-retrieved; no narrative/section/exhibit analysis"
"[""[\""0000858877\"",\""0000858877-26-000075\""]"",""primary""]","[""0000858877"",""0000858877-26-000075""]","\N","https://www.sec.gov/Archives/edgar/data/858877/000085887726000075/csco-20260513.htm","unavailable-http-403","html","not-retrieved; no narrative/section/exhibit analysis"
"[""[\""0000858877\"",\""0000858877-26-000057\""]"",""primary""]","[""0000858877"",""0000858877-26-000057""]","\N","https://www.sec.gov/Archives/edgar/data/858877/000085887726000057/csco-20260427.htm","not-requested","html","not-retrieved; no narrative/section/exhibit analysis"
"[""[\""0000858877\"",\""0000858877-26-000048\""]"",""primary""]","[""0000858877"",""0000858877-26-000048""]","\N","https://www.sec.gov/Archives/edgar/data/858877/000085887726000048/csco-20260331.htm","not-requested","html","not-retrieved; no narrative/section/exhibit analysis"
"[""[\""0000858877\"",\""0000858877-26-000006\""]"",""primary""]","[""0000858877"",""0000858877-26-000006""]","\N","https://www.sec.gov/Archives/edgar/data/858877/000085887726000006/csco-20260211.htm","not-requested","html","not-retrieved; no narrative/section/exhibit analysis"
"[""[\""0000858877\"",\""0000858877-25-000199\""]"",""primary""]","[""0000858877"",""0000858877-25-000199""]","\N","https://www.sec.gov/Archives/edgar/data/858877/000085887725000199/csco-20251216.htm","not-requested","html","not-retrieved; no narrative/section/exhibit analysis"
"[""[\""0000858877\"",\""0001193125-25-277624\""]"",""primary""]","[""0000858877"",""0001193125-25-277624""]","\N","https://www.sec.gov/Archives/edgar/data/858877/000119312525277624/d484663d8k.htm","not-requested","html","not-retrieved; no narrative/section/exhibit analysis"
"[""[\""0000858877\"",\""0000858877-25-000145\""]"",""primary""]","[""0000858877"",""0000858877-25-000145""]","\N","https://www.sec.gov/Archives/edgar/data/858877/000085887725000145/csco-20251015.htm","not-requested","html","not-retrieved; no narrative/section/exhibit analysis"
"[""[\""0000063908\"",\""0000063908-26-000076\""]"",""primary""]","[""0000063908"",""0000063908-26-000076""]","\N","https://www.sec.gov/Archives/edgar/data/63908/000006390826000076/mcd-20260923.htm","unavailable-http-403","html","not-retrieved; no narrative/section/exhibit analysis"
"[""[\""0000063908\"",\""0000063908-26-000069\""]"",""primary""]","[""0000063908"",""0000063908-26-000069""]","\N","https://www.sec.gov/Archives/edgar/data/63908/000006390826000069/mcd-20260803.htm","not-requested","html","not-retrieved; no narrative/section/exhibit analysis"
"[""[\""0000063908\"",\""0000063908-26-000067\""]"",""primary""]","[""0000063908"",""0000063908-26-000067""]","\N","https://www.sec.gov/Archives/edgar/data/63908/000006390826000067/mcd-20260804.htm","not-requested","html","not-retrieved; no narrative/section/exhibit analysis"
"[""[\""0000063908\"",\""0000063908-26-000055\""]"",""primary""]","[""0000063908"",""0000063908-26-000055""]","\N","https://www.sec.gov/Archives/edgar/data/63908/000006390826000055/mcd-20260520.htm","not-requested","html","not-retrieved; no narrative/section/exhibit analysis"
"[""[\""0000063908\"",\""0000063908-26-000048\""]"",""primary""]","[""0000063908"",""0000063908-26-000048""]","\N","https://www.sec.gov/Archives/edgar/data/63908/000006390826000048/mcd-20260507.htm","not-requested","html","not-retrieved; no narrative/section/exhibit analysis"
"[""[\""0000063908\"",\""0000063908-26-000042\""]"",""primary""]","[""0000063908"",""0000063908-26-000042""]","\N","https://www.sec.gov/Archives/edgar/data/63908/000006390826000042/mcd-20260330.htm","not-requested","html","not-retrieved; no narrative/section/exhibit analysis"
"[""[\""0000063908\"",\""0000063908-26-000032\""]"",""primary""]","[""0000063908"",""0000063908-26-000032""]","\N","https://www.sec.gov/Archives/edgar/data/63908/000006390826000032/mcd-20260211.htm","not-requested","html","not-retrieved; no narrative/section/exhibit analysis"
"[""[\""0000063908\"",\""0000063908-26-000028\""]"",""primary""]","[""0000063908"",""0000063908-26-000028""]","\N","https://www.sec.gov/Archives/edgar/data/63908/000006390826000028/mcd-20260204.htm","not-requested","html","not-retrieved; no narrative/section/exhibit analysis"
"[""[\""0000063908\"",\""0000063908-25-000057\""]"",""primary""]","[""0000063908"",""0000063908-25-000057""]","\N","https://www.sec.gov/Archives/edgar/data/63908/000006390825000057/mcd-20251105.htm","not-requested","html","not-retrieved; no narrative/section/exhibit analysis"
"[""[\""0000040545\"",\""0000040545-26-000059\""]"",""primary""]","[""0000040545"",""0000040545-26-000059""]","\N","https://www.sec.gov/Archives/edgar/data/40545/000004054526000059/ge-20260921.htm","unavailable-http-403","html","not-retrieved; no narrative/section/exhibit analysis"
"[""[\""0000040545\"",\""0000950142-26-002501\""]"",""primary""]","[""0000040545"",""0000950142-26-002501""]","\N","https://www.sec.gov/Archives/edgar/data/40545/000095014226002501/eh260827362_8k.htm","not-requested","html","not-retrieved; no narrative/section/exhibit analysis"
"[""[\""0000040545\"",\""0000040545-26-000047\""]"",""primary""]","[""0000040545"",""0000040545-26-000047""]","\N","https://www.sec.gov/Archives/edgar/data/40545/000004054526000047/ge-20260716.htm","not-requested","html","not-retrieved; no narrative/section/exhibit analysis"
"[""[\""0000040545\"",\""0000040545-26-000042\""]"",""primary""]","[""0000040545"",""0000040545-26-000042""]","\N","https://www.sec.gov/Archives/edgar/data/40545/000004054526000042/ge-20260625.htm","not-requested","html","not-retrieved; no narrative/section/exhibit analysis"
"[""[\""0000040545\"",\""0000040545-26-000039\""]"",""primary""]","[""0000040545"",""0000040545-26-000039""]","\N","https://www.sec.gov/Archives/edgar/data/40545/000004054526000039/ge-20260608.htm","not-requested","html","not-retrieved; no narrative/section/exhibit analysis"
"[""[\""0000040545\"",\""0000040545-26-000032\""]"",""primary""]","[""0000040545"",""0000040545-26-000032""]","\N","https://www.sec.gov/Archives/edgar/data/40545/000004054526000032/ge-20260505.htm","not-requested","html","not-retrieved; no narrative/section/exhibit analysis"
"[""[\""0000040545\"",\""0000040545-26-000026\""]"",""primary""]","[""0000040545"",""0000040545-26-000026""]","\N","https://www.sec.gov/Archives/edgar/data/40545/000004054526000026/ge-20260421.htm","not-requested","html","not-retrieved; no narrative/section/exhibit analysis"
"[""[\""0000040545\"",\""0000040545-26-000005\""]"",""primary""]","[""0000040545"",""0000040545-26-000005""]","\N","https://www.sec.gov/Archives/edgar/data/40545/000004054526000005/ge-20260122.htm","not-requested","html","not-retrieved; no narrative/section/exhibit analysis"
"[""[\""0000040545\"",\""0000040545-26-000002\""]"",""primary""]","[""0000040545"",""0000040545-26-000002""]","\N","https://www.sec.gov/Archives/edgar/data/40545/000004054526000002/ge-20260115.htm","not-requested","html","not-retrieved; no narrative/section/exhibit analysis"
"[""[\""0000040545\"",\""0000040545-25-000131\""]"",""primary""]","[""0000040545"",""0000040545-25-000131""]","\N","https://www.sec.gov/Archives/edgar/data/40545/000004054525000131/ge-20251021.htm","not-requested","html","not-retrieved; no narrative/section/exhibit analysis"
"[""[\""0000040545\"",\""0000040545-25-000126\""]"",""primary""]","[""0000040545"",""0000040545-25-000126""]","\N","https://www.sec.gov/Archives/edgar/data/40545/000004054525000126/ge-20250929.htm","not-requested","html","not-retrieved; no narrative/section/exhibit analysis"
"[""[\""0000886982\"",\""0001193125-26-344912\""]"",""primary""]","[""0000886982"",""0001193125-26-344912""]","\N","https://www.sec.gov/Archives/edgar/data/886982/000119312526344912/d179572d8k.htm","unavailable-http-403","html","not-retrieved; no narrative/section/exhibit analysis"
"[""[\""0000886982\"",\""0001193125-26-318147\""]"",""primary""]","[""0000886982"",""0001193125-26-318147""]","\N","https://www.sec.gov/Archives/edgar/data/886982/000119312526318147/d113214d8k.htm","not-requested","html","not-retrieved; no narrative/section/exhibit analysis"
"[""[\""0000886982\"",\""0001193125-26-310408\""]"",""primary""]","[""0000886982"",""0001193125-26-310408""]","\N","https://www.sec.gov/Archives/edgar/data/886982/000119312526310408/d102046d8k.htm","not-requested","html","not-retrieved; no narrative/section/exhibit analysis"
"[""[\""0000886982\"",\""0001193125-26-308384\""]"",""primary""]","[""0000886982"",""0001193125-26-308384""]","\N","https://www.sec.gov/Archives/edgar/data/886982/000119312526308384/d279459d8k.htm","not-requested","html","not-retrieved; no narrative/section/exhibit analysis"
"[""[\""0000886982\"",\""0000886982-26-000294\""]"",""primary""]","[""0000886982"",""0000886982-26-000294""]","\N","https://www.sec.gov/Archives/edgar/data/886982/000088698226000294/gs-20260714.htm","not-requested","html","not-retrieved; no narrative/section/exhibit analysis"
"[""[\""0000886982\"",\""0001193125-26-281123\""]"",""primary""]","[""0000886982"",""0001193125-26-281123""]","\N","https://www.sec.gov/Archives/edgar/data/886982/000119312526281123/d103941d8k.htm","not-requested","html","not-retrieved; no narrative/section/exhibit analysis"
"[""[\""0000886982\"",\""0001193125-26-255626\""]"",""primary""]","[""0000886982"",""0001193125-26-255626""]","\N","https://www.sec.gov/Archives/edgar/data/886982/000119312526255626/d107600d8k.htm","not-requested","html","not-retrieved; no narrative/section/exhibit analysis"
"[""[\""0000886982\"",\""0001193125-26-219511\""]"",""primary""]","[""0000886982"",""0001193125-26-219511""]","\N","https://www.sec.gov/Archives/edgar/data/886982/000119312526219511/d142159d8k.htm","not-requested","html","not-retrieved; no narrative/section/exhibit analysis"
"[""[\""0000886982\"",\""0001193125-26-199988\""]"",""primary""]","[""0000886982"",""0001193125-26-199988""]","\N","https://www.sec.gov/Archives/edgar/data/886982/000119312526199988/gs-20260429.htm","not-requested","html","not-retrieved; no narrative/section/exhibit analysis"
"[""[\""0000886982\"",\""0001193125-26-164058\""]"",""primary""]","[""0000886982"",""0001193125-26-164058""]","\N","https://www.sec.gov/Archives/edgar/data/886982/000119312526164058/d122102d8k.htm","not-requested","html","not-retrieved; no narrative/section/exhibit analysis"
"[""[\""0000886982\"",\""0000886982-26-000096\""]"",""primary""]","[""0000886982"",""0000886982-26-000096""]","\N","https://www.sec.gov/Archives/edgar/data/886982/000088698226000096/gs-20260413.htm","not-requested","html","not-retrieved; no narrative/section/exhibit analysis"
"[""[\""0000886982\"",\""0001193125-26-105328\""]"",""primary""]","[""0000886982"",""0001193125-26-105328""]","\N","https://www.sec.gov/Archives/edgar/data/886982/000119312526105328/gs-20260309.htm","not-requested","html","not-retrieved; no narrative/section/exhibit analysis"
"[""[\""0000886982\"",\""0001193125-26-094047\""]"",""primary""]","[""0000886982"",""0001193125-26-094047""]","\N","https://www.sec.gov/Archives/edgar/data/886982/000119312526094047/d926033d8k.htm","not-requested","html","not-retrieved; no narrative/section/exhibit analysis"
"[""[\""0000886982\"",\""0001193125-26-051527\""]"",""primary""]","[""0000886982"",""0001193125-26-051527""]","\N","https://www.sec.gov/Archives/edgar/data/886982/000119312526051527/gs-20260212.htm","not-requested","html","not-retrieved; no narrative/section/exhibit analysis"
"[""[\""0000886982\"",\""0001193125-26-033730\""]"",""primary""]","[""0000886982"",""0001193125-26-033730""]","\N","https://www.sec.gov/Archives/edgar/data/886982/000119312526033730/d36353d8k.htm","not-requested","html","not-retrieved; no narrative/section/exhibit analysis"
"[""[\""0000886982\"",\""0001193125-26-020895\""]"",""primary""]","[""0000886982"",""0001193125-26-020895""]","\N","https://www.sec.gov/Archives/edgar/data/886982/000119312526020895/gs-20260123.htm","not-requested","html","not-retrieved; no narrative/section/exhibit analysis"
"[""[\""0000886982\"",\""0001193125-26-018009\""]"",""primary""]","[""0000886982"",""0001193125-26-018009""]","\N","https://www.sec.gov/Archives/edgar/data/886982/000119312526018009/d24150d8k.htm","not-requested","html","not-retrieved; no narrative/section/exhibit analysis"
"[""[\""0000886982\"",\""0000886982-26-000008\""]"",""primary""]","[""0000886982"",""0000886982-26-000008""]","\N","https://www.sec.gov/Archives/edgar/data/886982/000088698226000008/gs-20260115.htm","not-requested","html","not-retrieved; no narrative/section/exhibit analysis"
"[""[\""0000886982\"",\""0000886982-26-000004\""]"",""primary""]","[""0000886982"",""0000886982-26-000004""]","\N","https://www.sec.gov/Archives/edgar/data/886982/000088698226000004/gs-20260107.htm","not-requested","html","not-retrieved; no narrative/section/exhibit analysis"
"[""[\""0000886982\"",\""0001193125-25-245194\""]"",""primary""]","[""0000886982"",""0001193125-25-245194""]","\N","https://www.sec.gov/Archives/edgar/data/886982/000119312525245194/d42434d8k.htm","not-requested","html","not-retrieved; no narrative/section/exhibit analysis"
"[""[\""0000886982\"",\""0001193125-25-238058\""]"",""primary""]","[""0000886982"",""0001193125-25-238058""]","\N","https://www.sec.gov/Archives/edgar/data/886982/000119312525238058/d899312d8k.htm","not-requested","html","not-retrieved; no narrative/section/exhibit analysis"
"[""[\""0000831001\"",\""0001193125-26-401022\""]"",""primary""]","[""0000831001"",""0001193125-26-401022""]","\N","https://www.sec.gov/Archives/edgar/data/831001/000119312526401022/d155919d8k.htm","unavailable-http-403","html","not-retrieved; no narrative/section/exhibit analysis"
"[""[\""0000831001\"",\""0001104659-26-083383\""]"",""primary""]","[""0000831001"",""0001104659-26-083383""]","\N","https://www.sec.gov/Archives/edgar/data/831001/000110465926083383/c-20260714x8k.htm","not-requested","html","not-retrieved; no narrative/section/exhibit analysis"
"[""[\""0000831001\"",\""0001104659-26-065155\""]"",""primary""]","[""0000831001"",""0001104659-26-065155""]","\N","https://www.sec.gov/Archives/edgar/data/831001/000110465926065155/c-20260520x8k.htm","not-requested","html","not-retrieved; no narrative/section/exhibit analysis"
"[""[\""0000831001\"",\""0001104659-26-042942\""]"",""primary""]","[""0000831001"",""0001104659-26-042942""]","\N","https://www.sec.gov/Archives/edgar/data/831001/000110465926042942/c-20260414x8k.htm","not-requested","html","not-retrieved; no narrative/section/exhibit analysis"
"[""[\""0000831001\"",\""0001104659-26-039663\""]"",""primary""]","[""0000831001"",""0001104659-26-039663""]","\N","https://www.sec.gov/Archives/edgar/data/831001/000110465926039663/c-20260403x8k.htm","not-requested","html","not-retrieved; no narrative/section/exhibit analysis"
"[""[\""0000831001\"",\""0001104659-26-014378\""]"",""primary""]","[""0000831001"",""0001104659-26-014378""]","\N","https://www.sec.gov/Archives/edgar/data/831001/000110465926014378/c-20260211x8k.htm","not-requested","html","not-retrieved; no narrative/section/exhibit analysis"
"[""[\""0000831001\"",\""0001193125-26-048689\""]"",""primary""]","[""0000831001"",""0001193125-26-048689""]","\N","https://www.sec.gov/Archives/edgar/data/831001/000119312526048689/d881338d8k.htm","not-requested","html","not-retrieved; no narrative/section/exhibit analysis"
"[""[\""0000831001\"",\""0001193125-26-035604\""]"",""primary""]","[""0000831001"",""0001193125-26-035604""]","\N","https://www.sec.gov/Archives/edgar/data/831001/000119312526035604/d56362d8k.htm","not-requested","html","not-retrieved; no narrative/section/exhibit analysis"
"[""[\""0000831001\"",\""0001104659-26-003604\""]"",""primary""]","[""0000831001"",""0001104659-26-003604""]","\N","https://www.sec.gov/Archives/edgar/data/831001/000110465926003604/c-20260114x8k.htm","not-requested","html","not-retrieved; no narrative/section/exhibit analysis"
"[""[\""0000831001\"",\""0001193125-26-010408\""]"",""primary""]","[""0000831001"",""0001193125-26-010408""]","\N","https://www.sec.gov/Archives/edgar/data/831001/000119312526010408/d203358d8k.htm","not-requested","html","not-retrieved; no narrative/section/exhibit analysis"
"[""[\""0000831001\"",\""0001104659-25-124865\""]"",""primary""]","[""0000831001"",""0001104659-25-124865""]","\N","https://www.sec.gov/Archives/edgar/data/831001/000110465925124865/c-20251229x8k.htm","not-requested","html","not-retrieved; no narrative/section/exhibit analysis"
"[""[\""0000831001\"",\""0001193125-25-314169\""]"",""primary""]","[""0000831001"",""0001193125-25-314169""]","\N","https://www.sec.gov/Archives/edgar/data/831001/000119312525314169/d49770d8k.htm","not-requested","html","not-retrieved; no narrative/section/exhibit analysis"
"[""[\""0000831001\"",\""0001104659-25-114632\""]"",""primary""]","[""0000831001"",""0001104659-25-114632""]","\N","https://www.sec.gov/Archives/edgar/data/831001/000110465925114632/c-20251119x8k.htm","not-requested","html","not-retrieved; no narrative/section/exhibit analysis"
"[""[\""0000831001\"",\""0001104659-25-101579\""]"",""primary""]","[""0000831001"",""0001104659-25-101579""]","\N","https://www.sec.gov/Archives/edgar/data/831001/000110465925101579/c-20251022x8k.htm","not-requested","html","not-retrieved; no narrative/section/exhibit analysis"
"[""[\""0000831001\"",\""0001193125-25-246780\""]"",""primary""]","[""0000831001"",""0001193125-25-246780""]","\N","https://www.sec.gov/Archives/edgar/data/831001/000119312525246780/d41671d8k.htm","not-requested","html","not-retrieved; no narrative/section/exhibit analysis"
"[""[\""0000831001\"",\""0001104659-25-099097\""]"",""primary""]","[""0000831001"",""0001104659-25-099097""]","\N","https://www.sec.gov/Archives/edgar/data/831001/000110465925099097/c-20251014x8k.htm","not-requested","html","not-retrieved; no narrative/section/exhibit analysis"
"[""[\""0001067983\"",\""0001193125-26-344495\""]"",""primary""]","[""0001067983"",""0001193125-26-344495""]","\N","https://www.sec.gov/Archives/edgar/data/1067983/000119312526344495/d159922d8k.htm","unavailable-http-403","html","not-retrieved; no narrative/section/exhibit analysis"
"[""[\""0001067983\"",\""0001193125-26-212148\""]"",""primary""]","[""0001067983"",""0001193125-26-212148""]","\N","https://www.sec.gov/Archives/edgar/data/1067983/000119312526212148/d74313d8k.htm","not-requested","html","not-retrieved; no narrative/section/exhibit analysis"
"[""[\""0001067983\"",\""0001193125-26-159326\""]"",""primary""]","[""0001067983"",""0001193125-26-159326""]","\N","https://www.sec.gov/Archives/edgar/data/1067983/000119312526159326/d903301d8k.htm","not-requested","html","not-retrieved; no narrative/section/exhibit analysis"
"[""[\""0001067983\"",\""0001193125-26-092557\""]"",""primary""]","[""0001067983"",""0001193125-26-092557""]","\N","https://www.sec.gov/Archives/edgar/data/1067983/000119312526092557/d82599d8k.htm","not-requested","html","not-retrieved; no narrative/section/exhibit analysis"
"[""[\""0001067983\"",\""0001193125-26-085801\""]"",""primary""]","[""0001067983"",""0001193125-26-085801""]","\N","https://www.sec.gov/Archives/edgar/data/1067983/000119312526085801/d117283d8k.htm","not-requested","html","not-retrieved; no narrative/section/exhibit analysis"
"[""[\""0001067983\"",\""0001193125-26-004727\""]"",""primary""]","[""0001067983"",""0001193125-26-004727""]","\N","https://www.sec.gov/Archives/edgar/data/1067983/000119312526004727/d32284d8ka.htm","not-requested","html","not-retrieved; no narrative/section/exhibit analysis"
"[""[\""0001067983\"",\""0001193125-25-314935\""]"",""primary""]","[""0001067983"",""0001193125-25-314935""]","\N","https://www.sec.gov/Archives/edgar/data/1067983/000119312525314935/d10933d8k.htm","not-requested","html","not-retrieved; no narrative/section/exhibit analysis"
"[""[\""0001067983\"",\""0001193125-25-290864\""]"",""primary""]","[""0001067983"",""0001193125-25-290864""]","\N","https://www.sec.gov/Archives/edgar/data/1067983/000119312525290864/d45429d8k.htm","not-requested","html","not-retrieved; no narrative/section/exhibit analysis"
"[""[\""0001067983\"",\""0001193125-25-262260\""]"",""primary""]","[""0001067983"",""0001193125-25-262260""]","\N","https://www.sec.gov/Archives/edgar/data/1067983/000119312525262260/d22917d8k.htm","not-requested","html","not-retrieved; no narrative/section/exhibit analysis"
"[""[\""0001067983\"",\""0001193125-25-229405\""]"",""primary""]","[""0001067983"",""0001193125-25-229405""]","\N","https://www.sec.gov/Archives/edgar/data/1067983/000119312525229405/d84825d8k.htm","not-requested","html","not-retrieved; no narrative/section/exhibit analysis"
"[""[\""0001108524\"",\""0001108524-26-000210\""]"",""primary""]","[""0001108524"",""0001108524-26-000210""]","\N","https://www.sec.gov/Archives/edgar/data/1108524/000110852426000210/crm-20260916.htm","unavailable-http-403","html","not-retrieved; no narrative/section/exhibit analysis"
"[""[\""0001108524\"",\""0001108524-26-000197\""]"",""primary""]","[""0001108524"",""0001108524-26-000197""]","\N","https://www.sec.gov/Archives/edgar/data/1108524/000110852426000197/crm-20260902.htm","not-requested","html","not-retrieved; no narrative/section/exhibit analysis"
"[""[\""0001108524\"",\""0001108524-26-000187\""]"",""primary""]","[""0001108524"",""0001108524-26-000187""]","\N","https://www.sec.gov/Archives/edgar/data/1108524/000110852426000187/crm-20260826.htm","not-requested","html","not-retrieved; no narrative/section/exhibit analysis"
"[""[\""0001108524\"",\""0001108524-26-000160\""]"",""primary""]","[""0001108524"",""0001108524-26-000160""]","\N","https://www.sec.gov/Archives/edgar/data/1108524/000110852426000160/crm-20260805.htm","not-requested","html","not-retrieved; no narrative/section/exhibit analysis"
"[""[\""0001108524\"",\""0001108524-26-000138\""]"",""primary""]","[""0001108524"",""0001108524-26-000138""]","\N","https://www.sec.gov/Archives/edgar/data/1108524/000110852426000138/crm-20260527.htm","not-requested","html","not-retrieved; no narrative/section/exhibit analysis"
"[""[\""0001108524\"",\""0001108524-26-000131\""]"",""primary""]","[""0001108524"",""0001108524-26-000131""]","\N","https://www.sec.gov/Archives/edgar/data/1108524/000110852426000131/crm-20260528.htm","not-requested","html","not-retrieved; no narrative/section/exhibit analysis"
"[""[\""0001108524\"",\""0001108524-26-000125\""]"",""primary""]","[""0001108524"",""0001108524-26-000125""]","\N","https://www.sec.gov/Archives/edgar/data/1108524/000110852426000125/crm-20260527.htm","not-requested","html","not-retrieved; no narrative/section/exhibit analysis"
"[""[\""0001108524\"",\""0001193125-26-107403\""]"",""primary""]","[""0001108524"",""0001193125-26-107403""]","\N","https://www.sec.gov/Archives/edgar/data/1108524/000119312526107403/d887663d8k.htm","not-requested","html","not-retrieved; no narrative/section/exhibit analysis"
"[""[\""0001108524\"",\""0001193125-26-106356\""]"",""primary""]","[""0001108524"",""0001193125-26-106356""]","\N","https://www.sec.gov/Archives/edgar/data/1108524/000119312526106356/d114728d8k.htm","not-requested","html","not-retrieved; no narrative/section/exhibit analysis"
"[""[\""0001108524\"",\""0001193125-26-104282\""]"",""primary""]","[""0001108524"",""0001193125-26-104282""]","\N","https://www.sec.gov/Archives/edgar/data/1108524/000119312526104282/d887348d8k.htm","not-requested","html","not-retrieved; no narrative/section/exhibit analysis"
"[""[\""0001108524\"",\""0001108524-26-000062\""]"",""primary""]","[""0001108524"",""0001108524-26-000062""]","\N","https://www.sec.gov/Archives/edgar/data/1108524/000110852426000062/crm-20260306.htm","not-requested","html","not-retrieved; no narrative/section/exhibit analysis"
"[""[\""0001108524\"",\""0001108524-26-000056\""]"",""primary""]","[""0001108524"",""0001108524-26-000056""]","\N","https://www.sec.gov/Archives/edgar/data/1108524/000110852426000056/crm-20260225.htm","not-requested","html","not-retrieved; no narrative/section/exhibit analysis"
"[""[\""0001108524\"",\""0001108524-25-000234\""]"",""primary""]","[""0001108524"",""0001108524-25-000234""]","\N","https://www.sec.gov/Archives/edgar/data/1108524/000110852425000234/crm-20251203.htm","not-requested","html","not-retrieved; no narrative/section/exhibit analysis"
"[""[\""0001108524\"",\""0001108524-25-000207\""]"",""primary""]","[""0001108524"",""0001108524-25-000207""]","\N","https://www.sec.gov/Archives/edgar/data/1108524/000110852425000207/crm-20251118.htm","not-requested","html","not-retrieved; no narrative/section/exhibit analysis"
"[""[\""0001108524\"",\""0001108524-25-000168\""]"",""primary""]","[""0001108524"",""0001108524-25-000168""]","\N","https://www.sec.gov/Archives/edgar/data/1108524/000110852425000168/crm-20251015.htm","not-requested","html","not-retrieved; no narrative/section/exhibit analysis"
"[""[\""0000004962\"",\""0000004962-26-000353\""]"",""primary""]","[""0000004962"",""0000004962-26-000353""]","\N","https://www.sec.gov/Archives/edgar/data/4962/000000496226000353/axp-20260915.htm","unavailable-http-403","html","not-retrieved; no narrative/section/exhibit analysis"
"[""[\""0000004962\"",\""0000004962-26-000345\""]"",""primary""]","[""0000004962"",""0000004962-26-000345""]","\N","https://www.sec.gov/Archives/edgar/data/4962/000000496226000345/axp-20260817.htm","not-requested","html","not-retrieved; no narrative/section/exhibit analysis"
"[""[\""0000004962\"",\""0000004962-26-000338\""]"",""primary""]","[""0000004962"",""0000004962-26-000338""]","\N","https://www.sec.gov/Archives/edgar/data/4962/000000496226000338/axp-20260812.htm","not-requested","html","not-retrieved; no narrative/section/exhibit analysis"
"[""[\""0000004962\"",\""0000004962-26-000327\""]"",""primary""]","[""0000004962"",""0000004962-26-000327""]","\N","https://www.sec.gov/Archives/edgar/data/4962/000000496226000327/axp-20260805.htm","not-requested","html","not-retrieved; no narrative/section/exhibit analysis"
"[""[\""0000004962\"",\""0000004962-26-000318\""]"",""primary""]","[""0000004962"",""0000004962-26-000318""]","\N","https://www.sec.gov/Archives/edgar/data/4962/000000496226000318/axp-20260724.htm","not-requested","html","not-retrieved; no narrative/section/exhibit analysis"
"[""[\""0000004962\"",\""0000004962-26-000302\""]"",""primary""]","[""0000004962"",""0000004962-26-000302""]","\N","https://www.sec.gov/Archives/edgar/data/4962/000000496226000302/axp-20260715.htm","not-requested","html","not-retrieved; no narrative/section/exhibit analysis"
"[""[\""0000004962\"",\""0000004962-26-000281\""]"",""primary""]","[""0000004962"",""0000004962-26-000281""]","\N","https://www.sec.gov/Archives/edgar/data/4962/000000496226000281/axp-20260625.htm","not-requested","html","not-retrieved; no narrative/section/exhibit analysis"
"[""[\""0000004962\"",\""0000004962-26-000270\""]"",""primary""]","[""0000004962"",""0000004962-26-000270""]","\N","https://www.sec.gov/Archives/edgar/data/4962/000000496226000270/axp-20260617.htm","not-requested","html","not-retrieved; no narrative/section/exhibit analysis"
"[""[\""0000004962\"",\""0000004962-26-000263\""]"",""primary""]","[""0000004962"",""0000004962-26-000263""]","\N","https://www.sec.gov/Archives/edgar/data/4962/000000496226000263/axp-20260615.htm","not-requested","html","not-retrieved; no narrative/section/exhibit analysis"
"[""[\""0000004962\"",\""0000004962-26-000249\""]"",""primary""]","[""0000004962"",""0000004962-26-000249""]","\N","https://www.sec.gov/Archives/edgar/data/4962/000000496226000249/axp-20260515.htm","not-requested","html","not-retrieved; no narrative/section/exhibit analysis"
"[""[\""0000004962\"",\""0000004962-26-000231\""]"",""primary""]","[""0000004962"",""0000004962-26-000231""]","\N","https://www.sec.gov/Archives/edgar/data/4962/000000496226000231/axp-20260505.htm","not-requested","html","not-retrieved; no narrative/section/exhibit analysis"
"[""[\""0000004962\"",\""0000004962-26-000207\""]"",""primary""]","[""0000004962"",""0000004962-26-000207""]","\N","https://www.sec.gov/Archives/edgar/data/4962/000000496226000207/axp-20260504.htm","not-requested","html","not-retrieved; no narrative/section/exhibit analysis"
"[""[\""0000004962\"",\""0000004962-26-000203\""]"",""primary""]","[""0000004962"",""0000004962-26-000203""]","\N","https://www.sec.gov/Archives/edgar/data/4962/000000496226000203/axp-20260504.htm","not-requested","html","not-retrieved; no narrative/section/exhibit analysis"
"[""[\""0000004962\"",\""0000004962-26-000188\""]"",""primary""]","[""0000004962"",""0000004962-26-000188""]","\N","https://www.sec.gov/Archives/edgar/data/4962/000000496226000188/axp-20260423.htm","not-requested","html","not-retrieved; no narrative/section/exhibit analysis"
"[""[\""0000004962\"",\""0000004962-26-000148\""]"",""primary""]","[""0000004962"",""0000004962-26-000148""]","\N","https://www.sec.gov/Archives/edgar/data/4962/000000496226000148/axp-20260415.htm","not-requested","html","not-retrieved; no narrative/section/exhibit analysis"
"[""[\""0000004962\"",\""0000004962-26-000121\""]"",""primary""]","[""0000004962"",""0000004962-26-000121""]","\N","https://www.sec.gov/Archives/edgar/data/4962/000000496226000121/axp-20260316.htm","not-requested","html","not-retrieved; no narrative/section/exhibit analysis"
"[""[\""0000004962\"",\""0000004962-26-000112\""]"",""primary""]","[""0000004962"",""0000004962-26-000112""]","\N","https://www.sec.gov/Archives/edgar/data/4962/000000496226000112/axp-20260302.htm","not-requested","html","not-retrieved; no narrative/section/exhibit analysis"
"[""[\""0000004962\"",\""0000004962-26-000107\""]"",""primary""]","[""0000004962"",""0000004962-26-000107""]","\N","https://www.sec.gov/Archives/edgar/data/4962/000000496226000107/axp-20260225.htm","not-requested","html","not-retrieved; no narrative/section/exhibit analysis"
"[""[\""0000004962\"",\""0000004962-26-000102\""]"",""primary""]","[""0000004962"",""0000004962-26-000102""]","\N","https://www.sec.gov/Archives/edgar/data/4962/000000496226000102/axp-20260217.htm","not-requested","html","not-retrieved; no narrative/section/exhibit analysis"
"[""[\""0000004962\"",\""0000004962-26-000094\""]"",""primary""]","[""0000004962"",""0000004962-26-000094""]","\N","https://www.sec.gov/Archives/edgar/data/4962/000000496226000094/axp-20260210.htm","not-requested","html","not-retrieved; no narrative/section/exhibit analysis"
"[""[\""0000004962\"",\""0000004962-26-000037\""]"",""primary""]","[""0000004962"",""0000004962-26-000037""]","\N","https://www.sec.gov/Archives/edgar/data/4962/000000496226000037/axp-20260130.htm","not-requested","html","not-retrieved; no narrative/section/exhibit analysis"
"[""[\""0000004962\"",\""0000004962-26-000028\""]"",""primary""]","[""0000004962"",""0000004962-26-000028""]","\N","https://www.sec.gov/Archives/edgar/data/4962/000000496226000028/axp-20260115.htm","not-requested","html","not-retrieved; no narrative/section/exhibit analysis"
"[""[\""0000004962\"",\""0000004962-25-000265\""]"",""primary""]","[""0000004962"",""0000004962-25-000265""]","\N","https://www.sec.gov/Archives/edgar/data/4962/000000496225000265/axp-20251215.htm","not-requested","html","not-retrieved; no narrative/section/exhibit analysis"
"[""[\""0000004962\"",\""0000004962-25-000259\""]"",""primary""]","[""0000004962"",""0000004962-25-000259""]","\N","https://www.sec.gov/Archives/edgar/data/4962/000000496225000259/axp-20251117.htm","not-requested","html","not-retrieved; no narrative/section/exhibit analysis"
"[""[\""0000004962\"",\""0000004962-25-000231\""]"",""primary""]","[""0000004962"",""0000004962-25-000231""]","\N","https://www.sec.gov/Archives/edgar/data/4962/000000496225000231/axp-20251024.htm","not-requested","html","not-retrieved; no narrative/section/exhibit analysis"
"[""[\""0000004962\"",\""0000004962-25-000218\""]"",""primary""]","[""0000004962"",""0000004962-25-000218""]","\N","https://www.sec.gov/Archives/edgar/data/4962/000000496225000218/axp-20251017.htm","not-requested","html","not-retrieved; no narrative/section/exhibit analysis"
"[""[\""0000004962\"",\""0000004962-25-000210\""]"",""primary""]","[""0000004962"",""0000004962-25-000210""]","\N","https://www.sec.gov/Archives/edgar/data/4962/000000496225000210/axp-20251015.htm","not-requested","html","not-retrieved; no narrative/section/exhibit analysis"
"[""[\""0000077476\"",\""0000077476-26-000042\""]"",""primary""]","[""0000077476"",""0000077476-26-000042""]","\N","https://www.sec.gov/Archives/edgar/data/77476/000007747626000042/pep-20260917.htm","unavailable-http-403","html","not-retrieved; no narrative/section/exhibit analysis"
"[""[\""0000077476\"",\""0000077476-26-000037\""]"",""primary""]","[""0000077476"",""0000077476-26-000037""]","\N","https://www.sec.gov/Archives/edgar/data/77476/000007747626000037/pep-20260709.htm","not-requested","html","not-retrieved; no narrative/section/exhibit analysis"
"[""[\""0000077476\"",\""0001104659-26-065758\""]"",""primary""]","[""0000077476"",""0001104659-26-065758""]","\N","https://www.sec.gov/Archives/edgar/data/77476/000110465926065758/tm2615167d1_8k.htm","not-requested","html","not-retrieved; no narrative/section/exhibit analysis"
"[""[\""0000077476\"",\""0000077476-26-000024\""]"",""primary""]","[""0000077476"",""0000077476-26-000024""]","\N","https://www.sec.gov/Archives/edgar/data/77476/000007747626000024/pep-20260506.htm","not-requested","html","not-retrieved; no narrative/section/exhibit analysis"
"[""[\""0000077476\"",\""0000077476-26-000019\""]"",""primary""]","[""0000077476"",""0000077476-26-000019""]","\N","https://www.sec.gov/Archives/edgar/data/77476/000007747626000019/pep-20260416.htm","not-requested","html","not-retrieved; no narrative/section/exhibit analysis"
"[""[\""0000077476\"",\""0001104659-26-013379\""]"",""primary""]","[""0000077476"",""0001104659-26-013379""]","\N","https://www.sec.gov/Archives/edgar/data/77476/000110465926013379/tm265086d1_8k.htm","not-requested","html","not-retrieved; no narrative/section/exhibit analysis"
"[""[\""0000077476\"",\""0000077476-26-000009\""]"",""primary""]","[""0000077476"",""0000077476-26-000009""]","\N","https://www.sec.gov/Archives/edgar/data/77476/000007747626000009/pep-20260203.htm","not-requested","html","not-retrieved; no narrative/section/exhibit analysis"
"[""[\""0000077476\"",\""0000077476-25-000062\""]"",""primary""]","[""0000077476"",""0000077476-25-000062""]","\N","https://www.sec.gov/Archives/edgar/data/77476/000007747625000062/pep-20251215.htm","not-requested","html","not-retrieved; no narrative/section/exhibit analysis"
"[""[\""0000077476\"",\""0000077476-25-000059\""]"",""primary""]","[""0000077476"",""0000077476-25-000059""]","\N","https://www.sec.gov/Archives/edgar/data/77476/000007747625000059/pep-20251208.htm","not-requested","html","not-retrieved; no narrative/section/exhibit analysis"
"[""[\""0000077476\"",\""0000077476-25-000055\""]"",""primary""]","[""0000077476"",""0000077476-25-000055""]","\N","https://www.sec.gov/Archives/edgar/data/77476/000007747625000055/pep-20251003.htm","not-requested","html","not-retrieved; no narrative/section/exhibit analysis"
