"id","company_id","scheme","native_value","source_id"
"[""submissions-0000320193"",""cik""]","0000320193","SEC-CIK","0000320193","submissions-0000320193"
"[""submissions-0000320193"",""tickers"",""0""]","0000320193","tickers","AAPL","submissions-0000320193"
"[""submissions-0000320193"",""exchanges"",""0""]","0000320193","exchanges","Nasdaq","submissions-0000320193"
"[""submissions-0000789019"",""cik""]","0000789019","SEC-CIK","0000789019","submissions-0000789019"
"[""submissions-0000789019"",""tickers"",""0""]","0000789019","tickers","MSFT","submissions-0000789019"
"[""submissions-0000789019"",""exchanges"",""0""]","0000789019","exchanges","Nasdaq","submissions-0000789019"
"[""submissions-0001652044"",""cik""]","0001652044","SEC-CIK","0001652044","submissions-0001652044"
"[""submissions-0001652044"",""tickers"",""0""]","0001652044","tickers","GOOGL","submissions-0001652044"
"[""submissions-0001652044"",""tickers"",""1""]","0001652044","tickers","GOOG","submissions-0001652044"
"[""submissions-0001652044"",""tickers"",""2""]","0001652044","tickers","GOOGM","submissions-0001652044"
"[""submissions-0001652044"",""tickers"",""3""]","0001652044","tickers","GOOGN","submissions-0001652044"
"[""submissions-0001652044"",""exchanges"",""0""]","0001652044","exchanges","Nasdaq","submissions-0001652044"
"[""submissions-0001652044"",""exchanges"",""1""]","0001652044","exchanges","Nasdaq","submissions-0001652044"
"[""submissions-0001652044"",""exchanges"",""2""]","0001652044","exchanges","Nasdaq","submissions-0001652044"
"[""submissions-0001652044"",""exchanges"",""3""]","0001652044","exchanges","Nasdaq","submissions-0001652044"
"[""submissions-0001018724"",""cik""]","0001018724","SEC-CIK","0001018724","submissions-0001018724"
"[""submissions-0001018724"",""tickers"",""0""]","0001018724","tickers","AMZN","submissions-0001018724"
"[""submissions-0001018724"",""exchanges"",""0""]","0001018724","exchanges","Nasdaq","submissions-0001018724"
"[""submissions-0001326801"",""cik""]","0001326801","SEC-CIK","0001326801","submissions-0001326801"
"[""submissions-0001326801"",""tickers"",""0""]","0001326801","tickers","META","submissions-0001326801"
"[""submissions-0001326801"",""exchanges"",""0""]","0001326801","exchanges","Nasdaq","submissions-0001326801"
"[""submissions-0001045810"",""cik""]","0001045810","SEC-CIK","0001045810","submissions-0001045810"
"[""submissions-0001045810"",""tickers"",""0""]","0001045810","tickers","NVDA","submissions-0001045810"
"[""submissions-0001045810"",""exchanges"",""0""]","0001045810","exchanges","Nasdaq","submissions-0001045810"
"[""submissions-0000019617"",""cik""]","0000019617","SEC-CIK","0000019617","submissions-0000019617"
"[""submissions-0000019617"",""tickers"",""0""]","0000019617","tickers","JPM","submissions-0000019617"
"[""submissions-0000019617"",""tickers"",""1""]","0000019617","tickers","JPM-PC","submissions-0000019617"
"[""submissions-0000019617"",""tickers"",""2""]","0000019617","tickers","AMJB","submissions-0000019617"
"[""submissions-0000019617"",""tickers"",""3""]","0000019617","tickers","JPM-PD","submissions-0000019617"
"[""submissions-0000019617"",""tickers"",""4""]","0000019617","tickers","JPM-PJ","submissions-0000019617"
"[""submissions-0000019617"",""tickers"",""5""]","0000019617","tickers","JPM-PK","submissions-0000019617"
"[""submissions-0000019617"",""tickers"",""6""]","0000019617","tickers","JPM-PL","submissions-0000019617"
"[""submissions-0000019617"",""tickers"",""7""]","0000019617","tickers","JPM-PM","submissions-0000019617"
"[""submissions-0000019617"",""tickers"",""8""]","0000019617","tickers","VYLD","submissions-0000019617"
"[""submissions-0000019617"",""exchanges"",""0""]","0000019617","exchanges","NYSE","submissions-0000019617"
"[""submissions-0000019617"",""exchanges"",""1""]","0000019617","exchanges","NYSE","submissions-0000019617"
"[""submissions-0000019617"",""exchanges"",""2""]","0000019617","exchanges","NYSE","submissions-0000019617"
"[""submissions-0000019617"",""exchanges"",""3""]","0000019617","exchanges","NYSE","submissions-0000019617"
"[""submissions-0000019617"",""exchanges"",""4""]","0000019617","exchanges","NYSE","submissions-0000019617"
"[""submissions-0000019617"",""exchanges"",""5""]","0000019617","exchanges","NYSE","submissions-0000019617"
"[""submissions-0000019617"",""exchanges"",""6""]","0000019617","exchanges","NYSE","submissions-0000019617"
"[""submissions-0000019617"",""exchanges"",""7""]","0000019617","exchanges","NYSE","submissions-0000019617"
"[""submissions-0000019617"",""exchanges"",""8""]","0000019617","exchanges","NYSE","submissions-0000019617"
"[""submissions-0001403161"",""cik""]","0001403161","SEC-CIK","0001403161","submissions-0001403161"
"[""submissions-0001403161"",""tickers"",""0""]","0001403161","tickers","V","submissions-0001403161"
"[""submissions-0001403161"",""exchanges"",""0""]","0001403161","exchanges","NYSE","submissions-0001403161"
"[""submissions-0000070858"",""cik""]","0000070858","SEC-CIK","0000070858","submissions-0000070858"
"[""submissions-0000070858"",""tickers"",""0""]","0000070858","tickers","BAC","submissions-0000070858"
"[""submissions-0000070858"",""tickers"",""1""]","0000070858","tickers","BML-PG","submissions-0000070858"
"[""submissions-0000070858"",""tickers"",""2""]","0000070858","tickers","BML-PL","submissions-0000070858"
"[""submissions-0000070858"",""tickers"",""3""]","0000070858","tickers","BAC-PB","submissions-0000070858"
"[""submissions-0000070858"",""tickers"",""4""]","0000070858","tickers","BAC-PK","submissions-0000070858"
"[""submissions-0000070858"",""tickers"",""5""]","0000070858","tickers","BAC-PE","submissions-0000070858"
"[""submissions-0000070858"",""tickers"",""6""]","0000070858","tickers","BAC-PL","submissions-0000070858"
"[""submissions-0000070858"",""tickers"",""7""]","0000070858","tickers","BAC-PM","submissions-0000070858"
"[""submissions-0000070858"",""tickers"",""8""]","0000070858","tickers","BAC-PN","submissions-0000070858"
"[""submissions-0000070858"",""tickers"",""9""]","0000070858","tickers","BAC-PO","submissions-0000070858"
"[""submissions-0000070858"",""tickers"",""10""]","0000070858","tickers","BAC-PP","submissions-0000070858"
"[""submissions-0000070858"",""tickers"",""11""]","0000070858","tickers","BAC-PQ","submissions-0000070858"
"[""submissions-0000070858"",""tickers"",""12""]","0000070858","tickers","BAC-PS","submissions-0000070858"
"[""submissions-0000070858"",""tickers"",""13""]","0000070858","tickers","BACRP","submissions-0000070858"
"[""submissions-0000070858"",""tickers"",""14""]","0000070858","tickers","BML-PH","submissions-0000070858"
"[""submissions-0000070858"",""tickers"",""15""]","0000070858","tickers","BML-PJ","submissions-0000070858"
"[""submissions-0000070858"",""tickers"",""16""]","0000070858","tickers","MER-PK","submissions-0000070858"
"[""submissions-0000070858"",""exchanges"",""0""]","0000070858","exchanges","NYSE","submissions-0000070858"
"[""submissions-0000070858"",""exchanges"",""1""]","0000070858","exchanges","NYSE","submissions-0000070858"
"[""submissions-0000070858"",""exchanges"",""2""]","0000070858","exchanges","NYSE","submissions-0000070858"
"[""submissions-0000070858"",""exchanges"",""3""]","0000070858","exchanges","NYSE","submissions-0000070858"
"[""submissions-0000070858"",""exchanges"",""4""]","0000070858","exchanges","NYSE","submissions-0000070858"
"[""submissions-0000070858"",""exchanges"",""5""]","0000070858","exchanges","NYSE","submissions-0000070858"
"[""submissions-0000070858"",""exchanges"",""6""]","0000070858","exchanges","NYSE","submissions-0000070858"
"[""submissions-0000070858"",""exchanges"",""7""]","0000070858","exchanges","NYSE","submissions-0000070858"
"[""submissions-0000070858"",""exchanges"",""8""]","0000070858","exchanges","NYSE","submissions-0000070858"
"[""submissions-0000070858"",""exchanges"",""9""]","0000070858","exchanges","NYSE","submissions-0000070858"
"[""submissions-0000070858"",""exchanges"",""10""]","0000070858","exchanges","NYSE","submissions-0000070858"
"[""submissions-0000070858"",""exchanges"",""11""]","0000070858","exchanges","NYSE","submissions-0000070858"
"[""submissions-0000070858"",""exchanges"",""12""]","0000070858","exchanges","NYSE","submissions-0000070858"
"[""submissions-0000070858"",""exchanges"",""13""]","0000070858","exchanges","OTC","submissions-0000070858"
"[""submissions-0000070858"",""exchanges"",""14""]","0000070858","exchanges","NYSE","submissions-0000070858"
"[""submissions-0000070858"",""exchanges"",""15""]","0000070858","exchanges","NYSE","submissions-0000070858"
"[""submissions-0000070858"",""exchanges"",""16""]","0000070858","exchanges","NYSE","submissions-0000070858"
"[""submissions-0000034088"",""cik""]","0000034088","SEC-CIK","0000034088","submissions-0000034088"
"[""submissions-0000093410"",""cik""]","0000093410","SEC-CIK","0000093410","submissions-0000093410"
"[""submissions-0000093410"",""tickers"",""0""]","0000093410","tickers","CVX","submissions-0000093410"
"[""submissions-0000093410"",""exchanges"",""0""]","0000093410","exchanges","NYSE","submissions-0000093410"
"[""submissions-0000200406"",""cik""]","0000200406","SEC-CIK","0000200406","submissions-0000200406"
"[""submissions-0000200406"",""tickers"",""0""]","0000200406","tickers","JNJ","submissions-0000200406"
"[""submissions-0000200406"",""exchanges"",""0""]","0000200406","exchanges","NYSE","submissions-0000200406"
"[""submissions-0001318605"",""cik""]","0001318605","SEC-CIK","0001318605","submissions-0001318605"
"[""submissions-0001318605"",""tickers"",""0""]","0001318605","tickers","TSLA","submissions-0001318605"
"[""submissions-0001318605"",""exchanges"",""0""]","0001318605","exchanges","Nasdaq","submissions-0001318605"
"[""submissions-0000731766"",""cik""]","0000731766","SEC-CIK","0000731766","submissions-0000731766"
"[""submissions-0000731766"",""tickers"",""0""]","0000731766","tickers","UNH","submissions-0000731766"
"[""submissions-0000731766"",""exchanges"",""0""]","0000731766","exchanges","NYSE","submissions-0000731766"
"[""submissions-0000080424"",""cik""]","0000080424","SEC-CIK","0000080424","submissions-0000080424"
"[""submissions-0000080424"",""tickers"",""0""]","0000080424","tickers","PG","submissions-0000080424"
"[""submissions-0000080424"",""exchanges"",""0""]","0000080424","exchanges","NYSE","submissions-0000080424"
"[""submissions-0000021344"",""cik""]","0000021344","SEC-CIK","0000021344","submissions-0000021344"
"[""submissions-0000021344"",""tickers"",""0""]","0000021344","tickers","KO","submissions-0000021344"
"[""submissions-0000021344"",""exchanges"",""0""]","0000021344","exchanges","NYSE","submissions-0000021344"
"[""submissions-0000858877"",""cik""]","0000858877","SEC-CIK","0000858877","submissions-0000858877"
"[""submissions-0000858877"",""tickers"",""0""]","0000858877","tickers","CSCO","submissions-0000858877"
"[""submissions-0000858877"",""exchanges"",""0""]","0000858877","exchanges","Nasdaq","submissions-0000858877"
"[""submissions-0000063908"",""cik""]","0000063908","SEC-CIK","0000063908","submissions-0000063908"
"[""submissions-0000063908"",""tickers"",""0""]","0000063908","tickers","MCD","submissions-0000063908"
"[""submissions-0000063908"",""exchanges"",""0""]","0000063908","exchanges","NYSE","submissions-0000063908"
"[""submissions-0000040545"",""cik""]","0000040545","SEC-CIK","0000040545","submissions-0000040545"
"[""submissions-0000040545"",""tickers"",""0""]","0000040545","tickers","GE","submissions-0000040545"
"[""submissions-0000040545"",""exchanges"",""0""]","0000040545","exchanges","NYSE","submissions-0000040545"
"[""submissions-0000886982"",""cik""]","0000886982","SEC-CIK","0000886982","submissions-0000886982"
"[""submissions-0000886982"",""tickers"",""0""]","0000886982","tickers","GS","submissions-0000886982"
"[""submissions-0000886982"",""tickers"",""1""]","0000886982","tickers","GSCE","submissions-0000886982"
"[""submissions-0000886982"",""tickers"",""2""]","0000886982","tickers","GS-PA","submissions-0000886982"
"[""submissions-0000886982"",""tickers"",""3""]","0000886982","tickers","GS-PC","submissions-0000886982"
"[""submissions-0000886982"",""tickers"",""4""]","0000886982","tickers","GS-PD","submissions-0000886982"
"[""submissions-0000886982"",""exchanges"",""0""]","0000886982","exchanges","NYSE","submissions-0000886982"
"[""submissions-0000886982"",""exchanges"",""1""]","0000886982","exchanges","OTC","submissions-0000886982"
"[""submissions-0000886982"",""exchanges"",""2""]","0000886982","exchanges","NYSE","submissions-0000886982"
"[""submissions-0000886982"",""exchanges"",""3""]","0000886982","exchanges","NYSE","submissions-0000886982"
"[""submissions-0000886982"",""exchanges"",""4""]","0000886982","exchanges","NYSE","submissions-0000886982"
"[""submissions-0000831001"",""cik""]","0000831001","SEC-CIK","0000831001","submissions-0000831001"
"[""submissions-0000831001"",""tickers"",""0""]","0000831001","tickers","C","submissions-0000831001"
"[""submissions-0000831001"",""tickers"",""1""]","0000831001","tickers","C-PN","submissions-0000831001"
"[""submissions-0000831001"",""tickers"",""2""]","0000831001","tickers","C-PR","submissions-0000831001"
"[""submissions-0000831001"",""exchanges"",""0""]","0000831001","exchanges","NYSE","submissions-0000831001"
"[""submissions-0000831001"",""exchanges"",""1""]","0000831001","exchanges","NYSE","submissions-0000831001"
"[""submissions-0000831001"",""exchanges"",""2""]","0000831001","exchanges","NYSE","submissions-0000831001"
"[""submissions-0001067983"",""cik""]","0001067983","SEC-CIK","0001067983","submissions-0001067983"
"[""submissions-0001067983"",""tickers"",""0""]","0001067983","tickers","BRK-B","submissions-0001067983"
"[""submissions-0001067983"",""tickers"",""1""]","0001067983","tickers","BRK-A","submissions-0001067983"
"[""submissions-0001067983"",""exchanges"",""0""]","0001067983","exchanges","NYSE","submissions-0001067983"
"[""submissions-0001067983"",""exchanges"",""1""]","0001067983","exchanges","NYSE","submissions-0001067983"
"[""submissions-0001108524"",""cik""]","0001108524","SEC-CIK","0001108524","submissions-0001108524"
"[""submissions-0001108524"",""tickers"",""0""]","0001108524","tickers","CRM","submissions-0001108524"
"[""submissions-0001108524"",""exchanges"",""0""]","0001108524","exchanges","NYSE","submissions-0001108524"
"[""submissions-0000004962"",""cik""]","0000004962","SEC-CIK","0000004962","submissions-0000004962"
"[""submissions-0000004962"",""tickers"",""0""]","0000004962","tickers","AXP","submissions-0000004962"
"[""submissions-0000004962"",""exchanges"",""0""]","0000004962","exchanges","NYSE","submissions-0000004962"
"[""submissions-0000077476"",""cik""]","0000077476","SEC-CIK","0000077476","submissions-0000077476"
"[""submissions-0000077476"",""tickers"",""0""]","0000077476","tickers","PEP","submissions-0000077476"
"[""submissions-0000077476"",""exchanges"",""0""]","0000077476","exchanges","Nasdaq","submissions-0000077476"
