evidence_id,annotation_id,page_id,purpose,excerpt
annotation-01:issue,annotation-01,castillo:pdf:6,issue_or_status_signal; not exhaustive reasoning," 335 F.3d 889, 892–93 (9th Cir. 2003).  In short, we 
must decide which side of a growing intercircuit split is 
correct on the question whether Application Note 1 
improperly expands the definition of “controlled substance 
offense” in § 4B1.2(b). 
Because we conclude that we must apply the Supreme 
Court’s decision in  Kisor, and that Application Note 1 
improperly expands the definition of “controlled substance 
offense” in U.S.S.G. § 4B1.2(b), we vacate Castillo"
annotation-02:issue,annotation-02,tabb:pdf:15,issue_or_status_signal; not exhaustive reasoning," Circuits have recently agreed with Tabb’s argument that 
Application Note 1 conflicts with the text of U.S.S.G. § 4B1.2(b) by including 
crimes that the Guideline text excludes. See United States v. Havis, 927 F.3d 382, 
385‐87 (6th Cir. 2019) (en banc) (per curiam); United States v. Winstead, 890 F.3d 
1082, 1090‐92 (D.C. Cir. 2018); see also United States v. Crum, 934 F.3d 963, 966 (9th 
Cir. 2019) (per curiam) (“If we were free to do so, we would follow the Sixth and 
D.C. Circuits’ lead.”). But these decisions are of no moment here, because we, 
acting as a three judge panel, are not at liberty to revisit Jackson. See Doscher v. Sea 
Port Grp. Sec., LLC, 832 F.3d 372, 378 (2d Cir. 2016) (finding that this Court is 
“bound by a prior panel’s decision until it is overruled either by this Court 
sitting en banc or by the Supreme Court”). Accordingly, we find that Jackson 
precludes Tab"
annotation-03:issue,annotation-03,brown:pdf:153,issue_or_status_signal; not exhaustive reasoning,"153 
 
As to our sister circuits, the majority opinion begets a 
circuit split.  The Eighth Circuit affirmed the denial of class 
certification in a case involving the same claims, the same 
experts, and the same defendant.  As should be clear by now, 
that decision cannot be reconciled with this one.  The majority 
never even tries to do so. 
And as to cases to come, the majority’s decision will offer 
far more questions than answ"
annotation-04:issue,annotation-04,bennett:pdf:14,issue_or_status_signal; not exhaustive reasoning,"ralized decision making,” and that “the diversity of employment practices,
job classifications, and functions among the production departments [at Nucor],
standing alone, precludes a finding that the commonality and typicality requirements
are met in this case.”  We review the district court’s decision on certification for abuse
of discretion.  Avritt v. Reliastar Life Ins. Co., 615 F.3d 1023, 1029 (8th Cir. 2010)."
annotation-05:issue,annotation-05,smith:pdf:1,issue_or_status_signal; not exhaustive reasoning,"ed by failing 
to suppress all evidence derived therefrom. 
We hold that the use of geofence warrants — at least as described 
herein— is unconstitutional under the Fourth Amendment. In doing so, we 
part ways with our esteemed colleagues on the Fourth Circuit. See United 
United States Court of Appeals 
Fifth Circuit 
FILED 
August 9, 2024 
 
Lyle W. Cayce 
Clerk 
Case: 23-60321      Document: 113-1     Page: 1     Date Filed: 08/09/2024"
annotation-06:issue,annotation-06,chatrie:pdf:2,issue_or_status_signal; not exhaustive reasoning,"IS, RICHARDSON, QUATTLEBAUM, RUSHING, 
HEYTENS, BENJAMIN, and BERNER, Circuit Judges.
 
 
Affirmed by published per curiam opinion in which Chief Judge Diaz, Judge Wilkinson, 
Judge Niemeyer, Judge King, Judge Agee, Judge Wynn, Judge Thacker, Judge Harris, 
Judge Richardson, Judge Quattlebaum, Judge Rushing, Judge Heytens, Judge Benjamin, 
and Judge Berner joined.   
 
Chief Judge Diaz wrote a concurring opinion.  Judge Wilkinson wrote a concurring 
opinion, in whic"
annotation-07:issue,annotation-07,aybar:pdf:2,issue_or_status_signal; not exhaustive reasoning,"
conclude that a foreign corporation’s compliance with the relevant statutory provisions 
constitutes consent to accept service of process in New York; that compliance does not 
constitute consent to general jurisdiction in New York courts. 
I. 
In July 2012, defendant Jose A. Aybar, Jr., a New York resident, was operating a 
Ford Explorer on an interstate highway in Virginia.  The vehicle overturned multiple times 
after its Goodyear tire allegedly failed, resultin"
annotation-08:issue,annotation-08,mallory-pa:pdf:1,issue_or_status_signal; not exhaustive reasoning,"o: 
170901961. 
 
ARGUED:  September 21, 2021 
 
 
OPINION 
 
 
CHIEF JUSTICE BAER        Decided: December 22, 2021 
 
I. Introduction 
 
Under Pennsylvania law, a foreign corporation “may not do business in this 
Commonwealth until it registers” with the Department of State of the Commonwealth.  15 
Pa.C.S. § 411(a).  Further, “qualification as a foreign corporation under the laws of this 
Commonwealth” constitutes a sufficient basis to enable Pennsylvania courts "
annotation-09:issue,annotation-09,black-rehearing:pdf:85,issue_or_status_signal; not exhaustive reasoning,"uals whom it cannot show, on an individualized basis, are 
dangerous or ﬂight risks.  
C. There is no relevant Circuit split on Black’s burden allocation 
holding.  
Judge Nardini claims that our Sister Circuits’ treatment of the procedural 
protections owed to those detained under §§ 1226(a) and (c) have resulted in 
“intercircuit incoherence” and “all-over-the-map holdings [that] present more 
than the usual circuit split.” Nardini Dissent at 5−6. He reaches that "
annotation-10:issue,annotation-10,black-rehearing:pdf:10,issue_or_status_signal; not exhaustive reasoning,"clear and convincing evidence).3  These all-over-the-map holdings 
present more than the  usual circuit split.  Put together, they’re a 
circuit splat. 
As discussed below, the Supreme Court left these 
constitutional questions open in Jennings v. Rodriguez, 583 U.S. 281, 
 
2 Compare Hernandez-Lara v. Lyons, 10 F.4th 19, 39 –40 (1st Cir. 2021) , with 
Miranda v. Garland , 34  F.4th 338, 365–66 (4th Cir. 2022) , and Rodriguez Diaz v. 
Garland, 53 F.4th 1189, 1213 (9"
annotation-11:issue,annotation-11,german-santos:pdf:10,issue_or_status_signal; not exhaustive reasoning,"class outweighs their “short -term deprivation of liberty.” 
Id. Eventually, though, that burden “outweighs a mere pre-
sumption that the alien will flee” or pose a danger. Id. at 474–
75. “At this t ipping point,” we said, due process requires the 
Government to justify continued detention at a bond hearing. 
Id. at 475, 478. 
Though Diop and Chavez-Alvarez decided that due process 
restricts detention under § 1226(c), both cases also invoked the 
constitutional-av"
annotation-12:issue,annotation-12,graham:pdf:7,issue_or_status_signal; not exhaustive reasoning,"3d 1337, 1339 (11th Cir. 2016).  The Sixth and Ninth Circuits, however, 
have reached the opposite conclusion.  See Williams v. United States, 927 F.3d 427, 436 
(6th Cir. 2019) (concluding “that § 2244(b)(1) does not apply to federal prisoners . . . 
seeking relief under § 2255”); Jones v. United States, 36 F.4th 974, 977 (9th Cir. 2022) 
(same).  For its part, the Supreme Court has recognized “th[e] circuit split on this question 
of federal law” but has yet to ad"
annotation-13:issue,annotation-13,cobra-amended:pdf:47,issue_or_status_signal; not exhaustive reasoning,"doctrine analysis support jurisdiction in the case at bar.  
I see no basis that merits a circuit split on this issue, 
especially given that we have warned of the danger of creating 
circuit splits on matters related to federal rights.  See Nat’l 
Treasury Emps. Union v. FLRB, 737 F.3d 273, 280 (4th Cir. 2013)  
(“[T]here would be costs in this area to holding differently and 
creating a circuit split.”).    
The majority panel has previously recognized the dissona"
annotation-14:issue,annotation-14,hirschfeld-vacatur:pdf:2,issue_or_status_signal; not exhaustive reasoning,"YNN, and RICHARDSON, Circuit Judges. 
 
 
Motion to intervene or join new parties denied; motion to vacate prior opinions granted; 
remanded with directions to dismiss.  Judge Richardson wrote the opinion, in which Judge 
Agee joined.  Judge Wynn wrote an opinion concurring in the result."
annotation-15:issue,annotation-15,vmg:pdf:29,issue_or_status_signal; not exhaustive reasoning,"he “de minimis” exception for copyrights to sound
recordings, we take the unusual step of creating a circuit split
by disagreeing with the Sixth Circuit’s contrary holding in
Bridgeport.  We do so only after careful reflection because,
as we noted in Seven Arts Filmed Entertainment Ltd. v.
Content Media Corp., 733 F.3d 1251, 1256 (9th Cir. 2013),
“the creation of a circuit split would be particularly
troublesome in the realm of copyright.  Creating inconsistent
rule"
annotation-16:issue,annotation-16,bridgeport:pdf:8,issue_or_status_signal; not exhaustive reasoning,"d
much to recommend this interpretation.
10
To begin with, there is ease of enforcement.  Get a license or do not sample.  We do not see
this as stifling creativity in any significant way.  It must be remembered that if an artist wants to
incorporate a “riff” from another work in his or her recording, he is free to duplicate the sound of
that “riff” in the studio.  Second, the market will control the license price and keep it within
bounds.
11  The sound recording c"
annotation-17:issue,annotation-17,ny-doj-panel:pdf:5,issue_or_status_signal; not exhaustive reasoning,"relied  on,  among 
other  things,  an  opinion  of  the  Seventh  Circuit  in  City  of  Chicago  v. 
Sessions,  888  F.3d  272  (7th  Cir.  2018).   While  mindful  of  the  respect 
owed  to  our  sister  circuits,  we  cannot  agree  that  the  federal 
government  must  be  enjoined  from  imposing  the  challenged 
conditions on the federal grants here at issue.  These conditions help 
the  federal  government  enforce  national  immigration  laws  and 
policies  supported  by  successive  Democratic  and  Republican 
administrations.  But more to the authorization point, they ensure that 
applicants satisfy particular statutory grant requirements imposed by 
Congress and subject to Attorney General oversight.  
Nor  can  we  agree  with  the  district  court  that  the  challenged 
conditions  impermissibly  intrude  on  powers  reserved  to  the  States.  "
annotation-18:issue,annotation-18,philadelphia:pdf:7,issue_or_status_signal; not exhaustive reasoning,"ty, we hold that the Challenged  Conditions 
were unlawfully imposed.  Therefore, we will affirm the Dis-
trict Court’s order to the extent that it enjoins enforcement of 
the Challenged Conditions against the City of Philadelphia.  
We will vacate part of the order, however, to the extent th at it 
exceeds the bounds of this controversy.  See infra III. B. 
I.  B
ACKGROUND  
A.  Byrne JAG and the Challenged Conditions 
Federal grants to state and local governments "
annotation-11:comparison,annotation-11,black-rehearing:pdf:59,comparison attribution,"we joined the Third Circuit, the only other Circuit to address what bond 
hearing procedures are constitutionally required to remedy unreasonably 
prolonged detention under § 1226(c). See German Santos v. Warden Pike Cnty. Corr. 
Facility, 965 F.3d 203 (3d Cir"
annotation-10:counter,annotation-10,black-rehearing:pdf:85,contrary concurrence," 
 28 
Judge Nardini provides no rationale for how a properly conducted 
Mathews analysis could result in a burden allocation requiring § 1226(c) detainees 
whose due process rights have been violated by unreasonably prolonged 
detention to bear the burden of justifying their release.20 That Congress singled 
out people with certain criminal histories for detention under § 1226(c) does not 
change"
annotation-01:outcome,annotation-01,castillo:pdf:6,disposition_or_outcome,"sor, and that Application Note 1 
improperly expands the definition of “controlled substance 
offense” in U.S.S.G. § 4B1.2(b), we vacate Castillo’s 
sentence and remand for resentencing consistent with this 
opinion.  
I. 
In May 2019, Roberto Castillo sold approximately 14 
grams of methamphetamine to a government informant for 
$100.  In June 2019, he sold the same informant 53 grams of 
methamphetamine for $400 .  In July 2019, Castillo and 
Casandra Cachu, Castillo’s codefendant, arranged to sell the "
annotation-02:outcome,annotation-02,tabb:pdf:2,disposition_or_outcome,"Accordingly, application of the career offender sentencing enhancement was 
appropriate and the judgment of the district court is AFFIRMED. 
     _______________________ 
 
FOR APPELLEE:      WON S. SHIN, Assistant United States 
Attorney (Geoffrey S. Berman, 
   United States Attorney for the Southern 
District of New York, David W. Denton, Jr., 
Rebekah Donaleski, Assistant United States 
Attorneys, on the brief), New York, NY  
 
FOR DEFENDANT‐APPELLANT:      RICHARD E. SIGNORELLI, Law Office of 
Richa"
annotation-03:outcome,annotation-03,brown:pdf:1,disposition_or_outcome,"v-22005-CWH) 
 
 
Argued:  September 17, 2014  Decided:  May 11, 2015 
 
 
Before GREGORY, AGEE, and KEENAN, Circuit Judges. 
 
 
Vacated in part, and remanded with instructions by published 
opinion.  Judge Gregory wrote the opinion, in which Judge Keenan 
joined.  Judge Agee wrote the dissenting opinion. 
 
 
ARGUED: Robert L. Wiggins, Jr., WIGGINS, CHILDS, QUINN & 
PANTAZIS LLC, Birmingham, Alabama, for Appellants.  Lisa Schiavo 
Blatt, ARNOLD & PORTER LLP, Washington, D.C., for Appellees.  ON 
BRIEF: "
annotation-04:outcome,annotation-04,bennett:pdf:26,disposition_or_outcome,"aintiffs have not established error.  See, e.g., Koehler v. Brody, 483 F.3d 590, 599
(8th Cir. 2007).
*          *          *
The judgment of the district court is affirmed.
______________________________"
annotation-05:outcome,annotation-05,smith:pdf:2,disposition_or_outcome,"ree with 
the district court that, here, law enforcement acted in good faith in relying on 
this type of warrant. Accordingly, we AFFIRM the district court’s denial of 
Appellants’ motion to suppress. 
I. Factual & Procedural Background 
A. Underlying Offense 
On February 5, 2018, three individuals acting in concert robbed 
Sylvester Cobbs, a Contract Route Driver with the United States Postal 
Service. As a Route Driver, Cobbs delivered and picked up mail from five 
rural post offices in DeSoto County an"
annotation-06:outcome,annotation-06,chatrie:pdf:2,disposition_or_outcome,"ING, GREGORY, AGEE, 
WYNN, THACKER, HARRIS, RICHARDSON, QUATTLEBAUM, RUSHING, 
HEYTENS, BENJAMIN, and BERNER, Circuit Judges.
 
 
Affirmed by published per curiam opinion in which Chief Judge Diaz, Judge Wilkinson, 
Judge Niemeyer, Judge King, Judge Agee, Judge Wynn, Judge Thacker, Judge Harris, 
Judge Richardson, Judge Quattlebaum, Judge Rushing, Judge Heytens, Judge Benjamin, 
and Judge Berner joined.   
 
Chief Judge Diaz wrote a concurring opinion.  Judge Wilkinson wrote a concurring 
opinion, in whic"
annotation-07:outcome,annotation-07,aybar:pdf:17,disposition_or_outcome," - 17 - No. 54 
 
- 17 - 
 
Accordingly, the order of the Appellate Division should be affirmed, with costs. 
   "
annotation-08:outcome,annotation-08,mallory-pa:pdf:44,disposition_or_outcome,"s Pennsylvania courts general jurisdiction over foreign corporations that are not at 
home in the Commonwealth. 
 Accordingly, we affirm the order of the trial court, which sustained Defendant’s 
preliminary objections and dismissed the action with prejudice for lack of personal 
jurisdiction. 
 Justices Saylor, Todd, Donohue, Dougherty, Wecht and Mundy join the opinion.  
 Justice Mundy files a concurring opinion. 
 "
annotation-09:outcome,annotation-09,black-rehearing:pdf:4,disposition_or_outcome,"A poll having been 
conducted and there being no majority favoring en banc  review, the petition for 
rehearing en banc is hereby DENIED. 
 
Raymond J. Lohier, Jr., Circuit Judge, joined by Eunice C. Lee, Beth Robinson, 
Myrna Pérez, Alison J. Nathan, Sarah A. L. Merriam, and Maria Araújo  Kahn, 
Circuit Judges, concurs by opinion in the denial of rehearing en banc. 
 
William J. Nardini , Circuit Judge, joined by Debra A nn Livingston, Chief 
Judge, Richard J. Sullivan, Michael H. Park, and Steven J. Men"
annotation-10:outcome,annotation-10,black-rehearing:pdf:4,disposition_or_outcome,"A poll having been 
conducted and there being no majority favoring en banc  review, the petition for 
rehearing en banc is hereby DENIED. 
 
Raymond J. Lohier, Jr., Circuit Judge, joined by Eunice C. Lee, Beth Robinson, 
Myrna Pérez, Alison J. Nathan, Sarah A. L. Merriam, and Maria Araújo  Kahn, 
Circuit Judges, concurs by opinion in the denial of rehearing en banc. 
 
William J. Nardini , Circuit Judge, joined by Debra A nn Livingston, Chief 
Judge, Richard J. Sullivan, Michael H. Park, and Steven J. Men"
annotation-11:outcome,annotation-11,german-santos:pdf:21,disposition_or_outcome,"erman Santos would likely flee or pose 
a danger to the community if released.  If it cannot, it must re-
lease him. We will thus reverse and remand for the District 
Court to order a bond hearing within ten days of the entry of 
this Court’s judgment. The mandate will issue at once. "
annotation-12:outcome,annotation-12,graham:pdf:1,disposition_or_outcome,". 
 
 
Argued:  January 24, 2023 Decided:  March 8, 2023 
 
 
Before GREGORY, Chief Judge, WYNN, and THACKER Circuit Judges. 
 
 
Motion granted by published opinion.  Chief Judge Gregory wrote the opinion, in which 
Judge Wynn and Judge Thacker joined. 
 
 
ARGUED:  Paresh S. Patel, OFFICE OF THE FEDERAL PUBLIC DEFENDER, 
Greenbelt, Maryland, for Movant.  Jonathan Scott Tsuei, OFFICE OF THE UNITED 
STATES ATTORNEY, Greenbelt, Maryland, for Respondent.  ON BRIEF:  James Wyda, 
Federal Public Defender, OFF"
annotation-13:outcome,annotation-13,cobra-amended:pdf:2,disposition_or_outcome,"rgued:  October 29, 2013 Decided:  January 27, 2014 
 
 
Before KING, GREGORY, and AGEE, Circuit Judges. 
 
 
Petition for review dismissed by published opinion.  Judge King 
wrote the majority opinion, in which Judge Gregory joined.  
Judge Agee wrote a dissenting opinion. 
 
 
ARGUED: William E. Robinson, DINSMORE & SHOHL, LLP, Charleston, 
West Virginia, for Petitioner.  Nancy E. Steffan, UNITED STATES 
DEPARTMENT OF LABOR, Washington, D.C., for Respondents.  ON 
BRIEF:  Mary Catherine Funk, DINSMORE &"
annotation-14:outcome,annotation-14,hirschfeld-vacatur:pdf:2,disposition_or_outcome," 
 
 
 
Before AGEE, WYNN, and RICHARDSON, Circuit Judges. 
 
 
Motion to intervene or join new parties denied; motion to vacate prior opinions granted; 
remanded with directions to dismiss.  Judge Richardson wrote the opinion, in which Judge 
Agee joined.  Judge Wynn wrote an opinion concurring in the result."
annotation-15:outcome,annotation-15,vmg:pdf:33,disposition_or_outcome,"erred in finding that Plaintiff’s
claim was objectively unreasonable, we vacate the award of
fees and remand for reconsideration.
Judgment AFFIRMED; award of fees VACATED and
REMANDED for reconsideration.  The parties shall bear
their own costs on appeal.
SILVERMAN, Circuit Judge, dissenting:
The plaintiff is the owner of a copyright in a fixed sound
recording.  This is a valuable property right, the stock-in-
trade of artists who make their living recording music and
selling records.  The plaintiff alleg"
annotation-16:outcome,annotation-16,bridgeport:pdf:16,disposition_or_outcome,"m and affirmatively move for dismissal of their claims
before it was conceded that they had no interest in the copyrighted works.
AFFIRMED in part, REVERSED in part, and REMANDED for further proceedings
consistent with this opinion."
annotation-17:outcome,annotation-17,ny-doj-panel:pdf:2,disposition_or_outcome," holding  that  the  challenged  conditions  violate  the 
Administrative Procedure Act and the United States Constitution.      
REVERSED AND REMANDED.  
______________ 
BRAD HINSHELWOOD (Mark B. Stern, Daniel Tenny, on the 
brief) for JOSEPH H. HUNT, ASSISTANT ATTORNEY GENERAL, 
Appellate Staff, Civil Division, United States Department 
of Justice, Washington, D.C., for Defendants‐Appellants. 
ANISHA  S.  DASGUPTA,  for  LETITIA  JAMES,  ATTORNEY 
GENERAL  OF  THE  STATE  OF  NEW  YORK,  New  York,  New"
annotation-18:outcome,annotation-18,philadelphia:pdf:34,disposition_or_outcome,"
fend”).   
Accordingly, we hold that the District Court abused its dis-
cretion as to the scope of the equitable relief and will vacate its 
order to the extent it imposed a requirement that the federal 
government obtain a judicial warrant before seeking custody 
of aliens in City custody. 
IV. C
ONCLUSION 
For the aforementioned reasons, we hold that the Attorney 
General did not have statutory authority to impose the Chal-
lenged Conditions.  We also determine that the District Court 
abused its discr"
