document_id,case_id,document_kind,decision_date,source_url,retrieved_at,original_file,sha256,page_count,historical_status,publisher_qualification
castillo,ca9:21-50054,opinion,2023-05-31,https://cdn.ca9.uscourts.gov/datastore/opinions/2023/05/31/21-50054.pdf,2026-10-09T23:02:22.700557+00:00,sources/castillo.pdf,4ac55069b34a20fa8f18603f3b6a8f5daae2a8126923af0e683a02b40929196a,34,not_currently_shepardized,\N
nasir,ca3:18-2888,en_banc_opinion,2021-11-08,https://www2.ca3.uscourts.gov/opinarch/182888p1.pdf,2026-10-09T23:02:22.859874+00:00,sources/nasir.pdf,589fcce5ce5378d3a1286d00805a14ebaa0502903451cd79aa4a34c10a2015b3,31,not_currently_shepardized,\N
havis-reconsideration,ca6:17-5772,reconsideration_order,2019-07-12,https://www.opn.ca6.uscourts.gov/opinions.pdf/19a0156p-06.pdf,2026-10-09T23:02:22.962189+00:00,sources/havis-reconsideration.pdf,69896d5f95bb5d26d446db793511a29e2c7511c7de51dad9708dec91c04bf342,7,not_currently_shepardized,\N
brown,ca4:13-1779,opinion,2015-05-11,https://www.ca4.uscourts.gov/opinions/published/131779.p.pdf,2026-10-09T23:02:23.098895+00:00,sources/brown.pdf,2a9e18730263415e4dbd8f07ede4a921f56d4b19d816e68c848e5a4afa6455b7,154,not_currently_shepardized,\N
bennett,ca8:09-3831/3834;10-1332,opinion,2011-09-22,https://ecf.ca8.uscourts.gov/opndir/11/09/093831P.pdf,2026-10-09T23:04:01.556201+00:00,sources/bennett.pdf,d5c8f9d04fec08fca3ee1924af298e515b663b8f9f5590fae4248c5c6f09671b,26,not_currently_shepardized,\N
chatrie,ca4:22-4489,en_banc_opinion,2025-04-30,https://www.ca4.uscourts.gov/opinions/224489.p.pdf,2026-10-09T23:02:23.584246+00:00,sources/chatrie.pdf,07cbd8d9762f63697f62405d33eea936f647d8d7340945bf7abcf61499fd9e7c,126,source_stamped_certiorari_granted_2026-01-20; later_treatment_not_checked,\N
chatrie-rehearing,ca4:22-4489,rehearing_order,2024-11-01,https://www.ca4.uscourts.gov/opinions/224489R1.U.pdf,2026-10-09T23:02:23.656719+00:00,sources/chatrie-rehearing.pdf,0ea59a45cb9b3e0b8d6c6be1b7dc375a0ddfcd1ac921391a48102e69bd1d48df,2,not_currently_shepardized,\N
smith,ca5:23-60321,opinion,2024-08-09,https://www.ca5.uscourts.gov/opinions/pub/23/23-60321-CR0.pdf,2026-10-09T23:02:23.808557+00:00,sources/smith.pdf,10ccf222239ec1c11b9805d76db7b1f511e5ed9bd24ef730773ee46e2e9a1eb4,39,not_currently_shepardized,\N
munoz-panel,ca9:21-55365,opinion,2022-10-05,https://cdn.ca9.uscourts.gov/datastore/opinions/2022/10/05/21-55365.pdf,2026-10-09T23:02:24.110945+00:00,sources/munoz-panel.pdf,f718e41e39b3a672f4131da9393d8a0f197cb186afd7896eeb76a3935bd8eff1,44,not_currently_shepardized,\N
munoz-rehearing,ca9:21-55365,rehearing_order,2023-07-14,https://cdn.ca9.uscourts.gov/datastore/opinions/2023/07/14/21-55365.pdf,2026-10-09T23:02:24.395669+00:00,sources/munoz-rehearing.pdf,f03a42fb2f3584ada229ee5c3e48524e295e3d26cfe3b4b7a7ed0b745aa28fa5,34,not_currently_shepardized,\N
munoz-scotus,scotus:23-334,resolution_opinion,2024-06-21,https://www.supremecourt.gov/opinions/23pdf/23-334_e18f.pdf,2026-10-09T23:02:24.657644+00:00,sources/munoz-scotus.pdf,c73eef0f9a0aaf412deb0e3fe059ce442671367c71819c9e3c2e8710b37e7118,47,not_currently_shepardized,\N
hansen-panel,ca9:17-10548,opinion,2022-02-10,https://cdn.ca9.uscourts.gov/datastore/opinions/2022/02/10/17-10548.pdf,2026-10-09T23:02:25.134639+00:00,sources/hansen-panel.pdf,454071cfe97007edea0fb2855f65bd2967b86f64352dcdefd6ab683f7e270337,16,not_currently_shepardized,\N
hansen-rehearing,ca9:17-10548,rehearing_order,2022-07-25,https://cdn.ca9.uscourts.gov/datastore/opinions/2022/07/25/17-10548.pdf,2026-10-09T23:02:25.668308+00:00,sources/hansen-rehearing.pdf,41fcc79538f708e882d30b5e187cf3fbcb5f943c72a4c21e864fc3cfb925a611,55,not_currently_shepardized,\N
hansen-scotus,scotus:22-179,resolution_opinion,2023-06-23,https://www.supremecourt.gov/opinions/22pdf/22-179_o75q.pdf,2026-10-09T23:02:25.789367+00:00,sources/hansen-scotus.pdf,c296e8fa5012bb9a432ad8fadae65f68f7f2f08abfe9eabe927a0370e1070bea,53,not_currently_shepardized,\N
kennedy-panel,ca9:20-35222,opinion,2021-03-18,https://cdn.ca9.uscourts.gov/datastore/opinions/2021/03/18/20-35222.pdf,2026-10-09T23:02:26.326774+00:00,sources/kennedy-panel.pdf,eb23db0b5a1ee8940194a610412d5e2870d5b7a66f0f8959d040c6fa4aaca458,40,not_currently_shepardized,\N
kennedy-rehearing,ca9:20-35222,rehearing_order,2021-07-19,https://cdn.ca9.uscourts.gov/datastore/opinions/2021/07/19/20-35222.pdf,2026-10-09T23:02:26.873709+00:00,sources/kennedy-rehearing.pdf,74dfe4be33e9493f54ce9ce298c8ceaa6f804063acac3303393d323ea517d6f7,92,not_currently_shepardized,\N
kennedy-scotus,scotus:21-418,resolution_opinion,2022-06-27,https://www.supremecourt.gov/opinions/21pdf/21-418_new_onkq.pdf,2026-10-09T23:02:27.182762+00:00,sources/kennedy-scotus.pdf,5558f7c8ac3950b41a3b17dd3871e28881f420359ab829915a5f271f18f12cad,75,not_currently_shepardized,\N
aybar,nycoa:54;APL-2019-00239,opinion,2021-10-07,https://www.uschamber.com/assets/documents/Opinion20-20Aybar20v.20Aybar2028N.Y.20Court20of20Appeals29.pdf,2026-10-09T23:04:01.844531+00:00,sources/aybar.pdf,c15a09ba9be22fae3939002d813930ca2ec4cd8ea61b3d7debe23ebca02a5733,48,not_currently_shepardized,Judicial slip opinion mirrored by U.S. Chamber; official endpoint refused retrieval; no independent byte-match claim.
mallory-scotus,scotus:21-1168,resolution_opinion,2023-06-27,https://www.supremecourt.gov/opinions/22pdf/21-1168_f2ah.pdf,2026-10-09T23:02:27.578688+00:00,sources/mallory-scotus.pdf,12ddc400ca2ad226567acd03d1b79a9a5aff458d1cb7bf71552ace5d2511103a,64,not_currently_shepardized,\N
black-rehearing,ca2:20-3224;22-70,rehearing_order,2025-10-24,https://ww3.ca2.uscourts.gov/decisions/OPN/20-3224_22-70_complete_opn.pdf,2026-10-09T23:02:27.801416+00:00,sources/black-rehearing.pdf,e05252c3c394f9b011af47e6c208616b8c40416fa94ef828f7e369174ac6002a,93,not_currently_shepardized,\N
ny-doj-rehearing,ca2:19-267,rehearing_order,2020-07-13,https://ww3.ca2.uscourts.gov/decisions/OPN/19-267_complete_enbanc-Opinion.pdf,2026-10-09T23:02:28.044709+00:00,sources/ny-doj-rehearing.pdf,bac2d06a1fcf18a07b6489caf486b03ab7c13d32e879cf19192e892b27a30d3e,45,not_currently_shepardized,\N
graham,ca4:20-221,opinion,2023-03-08,https://www.ca4.uscourts.gov/opinions/20221.P.pdf,2026-10-09T23:02:28.145894+00:00,sources/graham.pdf,1e923dce485b245ac6788eb60b6d762c6f66ae2ffcb0ac3cbd1e1e58b92a4db2,17,not_currently_shepardized,\N
taylor,scotus:20-1459,controlling_opinion,2022-06-21,https://www.supremecourt.gov/opinions/21pdf/596us2r52_886a.pdf,2026-10-09T23:04:02.221289+00:00,sources/taylor.pdf,85269f114e4eedd14fa0d0c0562975f5819ae1c053f7a9a650567906ec04bef2,37,not_currently_shepardized,\N
cobra-amended,ca4:13-1406,amendment_order_and_opinion,2014-01-29,https://www.ca4.uscourts.gov/opinions/published/131406.p.pdf,2026-10-09T23:02:28.482198+00:00,sources/cobra-amended.pdf,14b40a92ac24d11079a5feb5cc20ef1e96ef5da72c488e04b87fcd1846830405,56,not_currently_shepardized,\N
hirschfeld-vacatur,ca4:19-2250,vacatur_order,2021-09-22,https://www.ca4.uscourts.gov/opinions/192250A.P.pdf,2026-10-09T23:02:28.600968+00:00,sources/hirschfeld-vacatur.pdf,ffb4c9fb3b5ddb0d3119c67804756f13765c3ff809abb7ffc660fc9688936366,9,not_currently_shepardized,\N
hirschfeld-panel,ca4:19-2250,amended_opinion,2021-07-15,https://www.ca4.uscourts.gov/opinions/192250.P.pdf,2026-10-09T23:02:28.754887+00:00,sources/hirschfeld-panel.pdf,24baec571773440a5cb8bec0a9ac6cd79f2756a95c5e720289b06a4505f7085a,141,not_currently_shepardized,\N
tabb,ca2:18-338,opinion,2020-02-06,https://ww3.ca2.uscourts.gov/decisions/OPN/18-338_opn.pdf,2026-10-09T23:04:02.491752+00:00,sources/tabb.pdf,fb38d54657231f26b07099b85f44c3bf0632a94206e69752f30d0a1b69a53ed2,19,not_currently_shepardized,\N
vmg,ca9:13-57104;14-55837,opinion,2016-06-02,https://cdn.ca9.uscourts.gov/datastore/opinions/2016/06/02/13-57104.pdf,2026-10-09T23:04:03.121718+00:00,sources/vmg.pdf,a90580a7f4e48e4e8a3beacedb7fe019f8b57be455c1c96bb29c5b0805344f60,38,not_currently_shepardized,\N
bridgeport,ca6:02-6521;03-5738,opinion,2005-06-03,https://www.opn.ca6.uscourts.gov/opinions.pdf/05a0243a-06.pdf,2026-10-09T23:04:03.238426+00:00,sources/bridgeport.pdf,126f6439b34eba600d2ec79a6f9c58f0c6224dca7f4cede19b75d1f9c0c07f55,16,not_currently_shepardized,\N
philadelphia,ca3:18-2648,opinion,2019-02-15,https://www2.ca3.uscourts.gov/opinarch/182648p.pdf,2026-10-09T23:04:03.457507+00:00,sources/philadelphia.pdf,ec3b619a420e7467e28be924f1013aa81c840e51a038858bab769147d09d78ec,34,not_currently_shepardized,\N
ny-doj-panel,ca2:19-267,opinion,2020-02-26,https://ww3.ca2.uscourts.gov/decisions/OPN/19-267_opn.pdf,2026-10-09T23:04:03.611624+00:00,sources/ny-doj-panel.pdf,23181252c3e6d2ab1fc0322d538a58464e35ab48896d8e8d661b461fee6e120b,77,not_currently_shepardized,\N
cobra-original,ca4:13-1406,opinion,2014-01-27,https://cases.justia.com/federal/appellate-courts/ca4/13-1406/404820379/0.pdf,2026-10-09T23:04:04.330198+00:00,sources/cobra-original.pdf,f9d9369286682c1c78791798a1572bfa8cd72438ac92b3f60641ee07ac9e2c7a,55,not_currently_shepardized,Judicial opinion mirrored by Justia with native CM/ECF filing stamps; official current URL retains amended version.
german-santos,ca3:19-2663,opinion,2020-07-07,https://www2.ca3.uscourts.gov/opinarch/192663p.pdf,2026-10-09T23:04:38.152579+00:00,sources/german-santos.pdf,fff8a4f5caa330cef6bc2f05b0afa4f35c17f47557c816b4a692f3ba29ae72b8,21,not_currently_shepardized,\N
mallory-pa,pasc:3 EAP 2021,opinion,2021-12-22,https://cases.justia.com/pennsylvania/supreme-court/2021-3-eap-2021.pdf?ts=1640205590,2026-10-09T23:06:47.647813+00:00,sources/mallory-pa.pdf,49ca8169128b9936cfb6e5e83af080b9f2f5d33a5996ece2b72915d2a61e2663,44,subsequently_vacated_by_supreme_court,Judicial opinion mirrored by Justia; not independently byte-matched to official host.
