issue_group_id,disputed_issue,legal_basis,comparison_scope,qualification
sound-recording-sampling,Whether de minimis copying applies to sampling a copyrighted sound recording.,17 USC 114(b); copyright infringement,VMG/Bridgeport,Express historical disagreement; distinguish sound recording and composition rights.
sentencing-commentary,Whether commentary can add inchoate offenses to the pre-amendment career-offender guideline.,"U.S.S.G. 4B1.2(b), Application Note 1; Kisor/Stinson",Castillo/Nasir/Tabb; Havis reconsideration context,Historical guideline text and later amendments must be checked; Havis reconsideration is not its full merits opinion.
class-certification,Whether race-discrimination evidence supports class certification against Nucor.,Rule 23; Title VII,Brown/Bennett,Dissent asserts a split; different plants and records may distinguish the cases.
geofence,Whether the geofence warrant at issue violates the Fourth Amendment and whether good faith prevents exclusion.,Fourth Amendment; Leon,Smith/Chatrie en banc/rehearing order,Smith compares a 2024 panel not bundled here; the retained 2025 en banc document has multiple opinion voices and later certiorari stamp.
consular-review,Whether a citizen has a protected liberty interest in admission of a noncitizen spouse.,Due Process; consular nonreviewability,Munoz panel/rehearing/Supreme Court,Subsequent Supreme Court resolution is bundled; historical opportunity only.
speech-overbreadth,Whether the encouragement provision is facially overbroad under the First Amendment.,8 USC 1324(a)(1)(A)(iv); First Amendment,Hansen panel/rehearing/Supreme Court,Supreme Court resolution bundled; panel is not current treatment.
school-prayer,Whether the public school football coach prayer was protected by the First Amendment.,"Free Speech, Free Exercise, Establishment Clauses",Kennedy panel/rehearing/Supreme Court,Historical disagreement and Supreme Court resolution; factual characterization matters.
registration-jurisdiction,Whether business registration supplies consent to general personal jurisdiction.,State registration statutes; Fourteenth Amendment,Aybar/Mallory Pennsylvania/Mallory Supreme Court,New York statutory construction and Pennsylvania express-consent due process are different questions; membership is not a federal split.
immigration-detention,Who bears the burden at a bond hearing remedying unreasonably prolonged detention.,8 USC 1226(a)/(c); Due Process,Black rehearing statements/German Santos,Separate statutory mandatory hearings from prolonged-detention remedies; concurrence and dissent contest the existence of a split.
grant-conditions,Whether the Attorney General can impose immigration-related Byrne JAG funding conditions.,34 USC 10152; separation of powers,New York panel/rehearing/Philadelphia,Historical statutory conflict; subsequent treatment not comprehensively checked.
successive-habeas,Whether 2244(b)(1) applies to successive federal prisoner 2255 motions.,"28 USC 2244(b)(1),2255; Taylor on predicate offense",Graham; Taylor context,Opposing circuit merits opinions are cited but not bundled; Taylor is not a comparison on the successive-motion question.
mine-temporary-reinstatement,Whether a temporary miner reinstatement order is immediately reviewable.,Mine Act 30 USC 816; collateral order doctrine,Cobra original/amended,Dissent asserts intercircuit division; opposing circuit merits documents not bundled. Amendment is a citation correction.
firearm-age,Whether federal handgun dealer restrictions on persons under 21 violate the Second Amendment.,Second Amendment; Article III mootness,Hirschfeld panel/vacatur,Panel vacated as moot; no current precedential or viable opportunity claim.
