adjudication_key,resource_key,line_key,category_json,reason_json,amount,currency,value,native_json
hl7::ClaimResponse/R3500/item/0/adjudication/0,hl7::ClaimResponse/R3500,hl7::ClaimResponse/R3500/item/0,"{""coding"":[{""code"":""eligible""}]}",\N,135.57,USD,\N,"{""category"":{""coding"":[{""code"":""eligible""}]},""amount"":{""value"":135.57,""currency"":""USD""}}"
hl7::ClaimResponse/R3500/item/0/adjudication/1,hl7::ClaimResponse/R3500,hl7::ClaimResponse/R3500/item/0,"{""coding"":[{""code"":""copay""}]}",\N,10.00,USD,\N,"{""category"":{""coding"":[{""code"":""copay""}]},""amount"":{""value"":10.00,""currency"":""USD""}}"
hl7::ClaimResponse/R3500/item/0/adjudication/2,hl7::ClaimResponse/R3500,hl7::ClaimResponse/R3500/item/0,"{""coding"":[{""code"":""eligpercent""}]}",\N,\N,\N,80.00,"{""category"":{""coding"":[{""code"":""eligpercent""}]},""value"":80.00}"
hl7::ClaimResponse/R3500/item/0/adjudication/3,hl7::ClaimResponse/R3500,hl7::ClaimResponse/R3500/item/0,"{""coding"":[{""code"":""benefit""}]}","{""coding"":[{""system"":""http://terminology.hl7.org/CodeSystem/adjudication-reason"",""code"":""ar002"",""display"":""Plan Limit Reached""}]}",90.47,USD,\N,"{""category"":{""coding"":[{""code"":""benefit""}]},""reason"":{""coding"":[{""system"":""http://terminology.hl7.org/CodeSystem/adjudication-reason"",""code"":""ar002"",""display"":""Plan Limit Reached""}]},""amount"":{""value"":90.47,""currency"":""USD""}}"
hl7::ExplanationOfBenefit/EB3500/item/0/adjudication/0,hl7::ExplanationOfBenefit/EB3500,hl7::ExplanationOfBenefit/EB3500/item/0,"{""coding"":[{""code"":""eligible""}]}",\N,120.00,USD,\N,"{""category"":{""coding"":[{""code"":""eligible""}]},""amount"":{""value"":120.00,""currency"":""USD""}}"
hl7::ExplanationOfBenefit/EB3500/item/0/adjudication/1,hl7::ExplanationOfBenefit/EB3500,hl7::ExplanationOfBenefit/EB3500/item/0,"{""coding"":[{""code"":""eligpercent""}]}",\N,\N,\N,0.80,"{""category"":{""coding"":[{""code"":""eligpercent""}]},""value"":0.80}"
hl7::ExplanationOfBenefit/EB3500/item/0/adjudication/2,hl7::ExplanationOfBenefit/EB3500,hl7::ExplanationOfBenefit/EB3500/item/0,"{""coding"":[{""code"":""benefit""}]}",\N,96.00,USD,\N,"{""category"":{""coding"":[{""code"":""benefit""}]},""amount"":{""value"":96.00,""currency"":""USD""}}"
hl7::ExplanationOfBenefit/EB3500/item/1/adjudication/0,hl7::ExplanationOfBenefit/EB3500,hl7::ExplanationOfBenefit/EB3500/item/1,"{""coding"":[{""code"":""benefit""}]}",\N,180.00,USD,\N,"{""category"":{""coding"":[{""code"":""benefit""}]},""amount"":{""value"":180.00,""currency"":""USD""}}"
hl7::ExplanationOfBenefit/EB3500/item/1/detail/0/adjudication/0,hl7::ExplanationOfBenefit/EB3500,hl7::ExplanationOfBenefit/EB3500/item/1/detail/0,"{""coding"":[{""code"":""benefit""}]}",\N,180.00,USD,\N,"{""category"":{""coding"":[{""code"":""benefit""}]},""amount"":{""value"":180.00,""currency"":""USD""}}"
hl7::ExplanationOfBenefit/EB3500/item/1/detail/0/subDetail/0/adjudication/0,hl7::ExplanationOfBenefit/EB3500,hl7::ExplanationOfBenefit/EB3500/item/1/detail/0/subDetail/0,"{""coding"":[{""code"":""eligible""}]}",\N,200.00,USD,\N,"{""category"":{""coding"":[{""code"":""eligible""}]},""amount"":{""value"":200.00,""currency"":""USD""}}"
hl7::ExplanationOfBenefit/EB3500/item/1/detail/0/subDetail/0/adjudication/1,hl7::ExplanationOfBenefit/EB3500,hl7::ExplanationOfBenefit/EB3500/item/1/detail/0/subDetail/0,"{""coding"":[{""code"":""eligpercent""}]}",\N,\N,\N,0.90,"{""category"":{""coding"":[{""code"":""eligpercent""}]},""value"":0.90}"
hl7::ExplanationOfBenefit/EB3500/item/1/detail/0/subDetail/0/adjudication/2,hl7::ExplanationOfBenefit/EB3500,hl7::ExplanationOfBenefit/EB3500/item/1/detail/0/subDetail/0,"{""coding"":[{""code"":""benefit""}]}",\N,180.00,USD,\N,"{""category"":{""coding"":[{""code"":""benefit""}]},""amount"":{""value"":180.00,""currency"":""USD""}}"
supplement::ClaimResponse/authorization-approved/item/0/adjudication/0,supplement::ClaimResponse/authorization-approved,supplement::ClaimResponse/authorization-approved/item/0,"{""coding"":[{""system"":""urn:umf:medical:synthetic-codes"",""code"":""submitted""}]}",\N,100,USD,\N,"{""category"":{""coding"":[{""system"":""urn:umf:medical:synthetic-codes"",""code"":""submitted""}]},""amount"":{""value"":100,""currency"":""USD""}}"
supplement::ClaimResponse/authorization-approved/item/0/adjudication/1,supplement::ClaimResponse/authorization-approved,supplement::ClaimResponse/authorization-approved/item/0,"{""coding"":[{""system"":""urn:umf:medical:synthetic-codes"",""code"":""benefit""}]}","{""coding"":[{""system"":""urn:umf:medical:synthetic-codes"",""code"":""approved""}]}",80,USD,\N,"{""category"":{""coding"":[{""system"":""urn:umf:medical:synthetic-codes"",""code"":""benefit""}]},""amount"":{""value"":80,""currency"":""USD""},""reason"":{""coding"":[{""system"":""urn:umf:medical:synthetic-codes"",""code"":""approved""}]}}"
supplement::ClaimResponse/authorization-approved/item/0/adjudication/2,supplement::ClaimResponse/authorization-approved,supplement::ClaimResponse/authorization-approved/item/0,"{""coding"":[{""system"":""urn:umf:medical:synthetic-codes"",""code"":""member-liability""}]}",\N,20,USD,\N,"{""category"":{""coding"":[{""system"":""urn:umf:medical:synthetic-codes"",""code"":""member-liability""}]},""amount"":{""value"":20,""currency"":""USD""}}"
supplement::ClaimResponse/authorization-approved/item/1/adjudication/0,supplement::ClaimResponse/authorization-approved,supplement::ClaimResponse/authorization-approved/item/1,"{""coding"":[{""system"":""urn:umf:medical:synthetic-codes"",""code"":""submitted""}]}",\N,100,USD,\N,"{""category"":{""coding"":[{""system"":""urn:umf:medical:synthetic-codes"",""code"":""submitted""}]},""amount"":{""value"":100,""currency"":""USD""}}"
supplement::ClaimResponse/authorization-approved/item/1/adjudication/1,supplement::ClaimResponse/authorization-approved,supplement::ClaimResponse/authorization-approved/item/1,"{""coding"":[{""system"":""urn:umf:medical:synthetic-codes"",""code"":""benefit""}]}","{""coding"":[{""system"":""urn:umf:medical:synthetic-codes"",""code"":""denied""}]}",0,USD,\N,"{""category"":{""coding"":[{""system"":""urn:umf:medical:synthetic-codes"",""code"":""benefit""}]},""amount"":{""value"":0,""currency"":""USD""},""reason"":{""coding"":[{""system"":""urn:umf:medical:synthetic-codes"",""code"":""denied""}]}}"
supplement::ClaimResponse/authorization-approved/item/1/adjudication/2,supplement::ClaimResponse/authorization-approved,supplement::ClaimResponse/authorization-approved/item/1,"{""coding"":[{""system"":""urn:umf:medical:synthetic-codes"",""code"":""member-liability""}]}",\N,100,USD,\N,"{""category"":{""coding"":[{""system"":""urn:umf:medical:synthetic-codes"",""code"":""member-liability""}]},""amount"":{""value"":100,""currency"":""USD""}}"
supplement::ClaimResponse/authorization-denied/item/0/adjudication/0,supplement::ClaimResponse/authorization-denied,supplement::ClaimResponse/authorization-denied/item/0,"{""coding"":[{""system"":""urn:umf:medical:synthetic-codes"",""code"":""submitted""}]}",\N,100,USD,\N,"{""category"":{""coding"":[{""system"":""urn:umf:medical:synthetic-codes"",""code"":""submitted""}]},""amount"":{""value"":100,""currency"":""USD""}}"
supplement::ClaimResponse/authorization-denied/item/0/adjudication/1,supplement::ClaimResponse/authorization-denied,supplement::ClaimResponse/authorization-denied/item/0,"{""coding"":[{""system"":""urn:umf:medical:synthetic-codes"",""code"":""benefit""}]}","{""coding"":[{""system"":""urn:umf:medical:synthetic-codes"",""code"":""denied""}]}",0,USD,\N,"{""category"":{""coding"":[{""system"":""urn:umf:medical:synthetic-codes"",""code"":""benefit""}]},""amount"":{""value"":0,""currency"":""USD""},""reason"":{""coding"":[{""system"":""urn:umf:medical:synthetic-codes"",""code"":""denied""}]}}"
supplement::ClaimResponse/authorization-denied/item/0/adjudication/2,supplement::ClaimResponse/authorization-denied,supplement::ClaimResponse/authorization-denied/item/0,"{""coding"":[{""system"":""urn:umf:medical:synthetic-codes"",""code"":""member-liability""}]}",\N,100,USD,\N,"{""category"":{""coding"":[{""system"":""urn:umf:medical:synthetic-codes"",""code"":""member-liability""}]},""amount"":{""value"":100,""currency"":""USD""}}"
supplement::ClaimResponse/authorization-denied/item/1/adjudication/0,supplement::ClaimResponse/authorization-denied,supplement::ClaimResponse/authorization-denied/item/1,"{""coding"":[{""system"":""urn:umf:medical:synthetic-codes"",""code"":""submitted""}]}",\N,100,USD,\N,"{""category"":{""coding"":[{""system"":""urn:umf:medical:synthetic-codes"",""code"":""submitted""}]},""amount"":{""value"":100,""currency"":""USD""}}"
supplement::ClaimResponse/authorization-denied/item/1/adjudication/1,supplement::ClaimResponse/authorization-denied,supplement::ClaimResponse/authorization-denied/item/1,"{""coding"":[{""system"":""urn:umf:medical:synthetic-codes"",""code"":""benefit""}]}","{""coding"":[{""system"":""urn:umf:medical:synthetic-codes"",""code"":""denied""}]}",0,USD,\N,"{""category"":{""coding"":[{""system"":""urn:umf:medical:synthetic-codes"",""code"":""benefit""}]},""amount"":{""value"":0,""currency"":""USD""},""reason"":{""coding"":[{""system"":""urn:umf:medical:synthetic-codes"",""code"":""denied""}]}}"
supplement::ClaimResponse/authorization-denied/item/1/adjudication/2,supplement::ClaimResponse/authorization-denied,supplement::ClaimResponse/authorization-denied/item/1,"{""coding"":[{""system"":""urn:umf:medical:synthetic-codes"",""code"":""member-liability""}]}",\N,100,USD,\N,"{""category"":{""coding"":[{""system"":""urn:umf:medical:synthetic-codes"",""code"":""member-liability""}]},""amount"":{""value"":100,""currency"":""USD""}}"
supplement::ClaimResponse/paid-denied/item/0/adjudication/0,supplement::ClaimResponse/paid-denied,supplement::ClaimResponse/paid-denied/item/0,"{""coding"":[{""system"":""urn:umf:medical:synthetic-codes"",""code"":""submitted""}]}",\N,100,USD,\N,"{""category"":{""coding"":[{""system"":""urn:umf:medical:synthetic-codes"",""code"":""submitted""}]},""amount"":{""value"":100,""currency"":""USD""}}"
supplement::ClaimResponse/paid-denied/item/0/adjudication/1,supplement::ClaimResponse/paid-denied,supplement::ClaimResponse/paid-denied/item/0,"{""coding"":[{""system"":""urn:umf:medical:synthetic-codes"",""code"":""benefit""}]}","{""coding"":[{""system"":""urn:umf:medical:synthetic-codes"",""code"":""approved""}]}",80,USD,\N,"{""category"":{""coding"":[{""system"":""urn:umf:medical:synthetic-codes"",""code"":""benefit""}]},""amount"":{""value"":80,""currency"":""USD""},""reason"":{""coding"":[{""system"":""urn:umf:medical:synthetic-codes"",""code"":""approved""}]}}"
supplement::ClaimResponse/paid-denied/item/0/adjudication/2,supplement::ClaimResponse/paid-denied,supplement::ClaimResponse/paid-denied/item/0,"{""coding"":[{""system"":""urn:umf:medical:synthetic-codes"",""code"":""member-liability""}]}",\N,20,USD,\N,"{""category"":{""coding"":[{""system"":""urn:umf:medical:synthetic-codes"",""code"":""member-liability""}]},""amount"":{""value"":20,""currency"":""USD""}}"
supplement::ClaimResponse/paid-denied/item/1/adjudication/0,supplement::ClaimResponse/paid-denied,supplement::ClaimResponse/paid-denied/item/1,"{""coding"":[{""system"":""urn:umf:medical:synthetic-codes"",""code"":""submitted""}]}",\N,100,USD,\N,"{""category"":{""coding"":[{""system"":""urn:umf:medical:synthetic-codes"",""code"":""submitted""}]},""amount"":{""value"":100,""currency"":""USD""}}"
supplement::ClaimResponse/paid-denied/item/1/adjudication/1,supplement::ClaimResponse/paid-denied,supplement::ClaimResponse/paid-denied/item/1,"{""coding"":[{""system"":""urn:umf:medical:synthetic-codes"",""code"":""benefit""}]}","{""coding"":[{""system"":""urn:umf:medical:synthetic-codes"",""code"":""denied""}]}",0,USD,\N,"{""category"":{""coding"":[{""system"":""urn:umf:medical:synthetic-codes"",""code"":""benefit""}]},""amount"":{""value"":0,""currency"":""USD""},""reason"":{""coding"":[{""system"":""urn:umf:medical:synthetic-codes"",""code"":""denied""}]}}"
supplement::ClaimResponse/paid-denied/item/1/adjudication/2,supplement::ClaimResponse/paid-denied,supplement::ClaimResponse/paid-denied/item/1,"{""coding"":[{""system"":""urn:umf:medical:synthetic-codes"",""code"":""member-liability""}]}",\N,100,USD,\N,"{""category"":{""coding"":[{""system"":""urn:umf:medical:synthetic-codes"",""code"":""member-liability""}]},""amount"":{""value"":100,""currency"":""USD""}}"
