"id","channel_id","event_time","value"
"R1","C1","2026-01-01T10:00Z","100.00"
"R2","C1","2026-01-01T11:00Z","5.00"
"D2","C1","2026-01-02T10:00Z","2.00"
"D3","C1","2026-01-03T10:00Z","3.00"
"D4","C1","2026-01-04T10:00Z","4.00"
"D5","C1","2026-01-05T10:00Z","5.00"
"D6","C1","2026-01-06T10:00Z","6.00"
"D7","C1","2026-01-07T10:00Z","7.00"
"D8","C1","2026-01-08T10:00Z","8.00"
"D9","C1","2026-01-09T10:00Z","9.00"
"D10","C1","2026-01-10T10:00Z","10.00"
"D11","C1","2026-01-11T10:00Z","11.00"
"D12","C1","2026-01-12T10:00Z","12.00"
"D13","C1","2026-01-13T10:00Z","13.00"
"D14","C1","2026-01-14T10:00Z","14.00"
"D15","C1","2026-01-15T10:00Z","15.00"
"D16","C2","2026-01-16T10:00Z","16.00"
"D17","C2","2026-01-17T10:00Z","17.00"
"D18","C2","2026-01-18T10:00Z","18.00"
"D19","C2","2026-01-19T10:00Z","19.00"
"D20","C2","2026-01-20T10:00Z","\N"
"D21","C2","2026-01-21T10:00Z","21.00"
"D22","C2","2026-01-22T10:00Z","22.00"
"D23","C2","2026-01-23T10:00Z","23.00"
"D24","C2","2026-01-24T10:00Z","24.00"
"D25","C2","2026-01-25T10:00Z","25.00"
"D26","C2","2026-01-26T10:00Z","26.00"
"D27","C2","2026-01-27T10:00Z","27.00"
"D28","C2","2026-01-28T10:00Z","28.00"
"D29","C2","2026-01-29T10:00Z","29.00"
"D30","C2","2026-01-30T10:00Z","30.00"
