counsel_id,document_id,counsel_name,party_scope,source_page_id,as_of_date,observation_status,source_excerpt
counsel-01,castillo,James H. Locklin,"Roberto Castillo, Defendant-Appellant",castillo:pdf:5,2023-05-31,observed_selected_counsel_not_exhaustive,"James H. Locklin (argued), Deputy Federal Public Defender; 
Cuauhtemoc Ortega, Federal Public Defender; Federal 
Public Defender’s Office; Los Angeles, California; for 
Defendant-Appellant. 
David R. Friedman (argued) and Lynda Lao, Assistant 
United States Attorneys; Bram M. Alden, Assistant United 
States Attorney, C"
counsel-02,castillo,David R. Friedman,"United States, Plaintiff-Appellee",castillo:pdf:5,2023-05-31,observed_selected_counsel_not_exhaustive,"David R. Friedman (argued) and Lynda Lao, Assistant 
United States Attorneys; Bram M. Alden, Assistant United 
States Attorney, Criminal App eals Section Chief; Tracy L. 
Wilkison, United States Attorney; Office of the United 
States Attorney; Los Angeles, California; for Plaintiff -
Appellee. 
 
 
OPINION 
 
WARDLAW, "
counsel-03,tabb,WON S. SHIN,"United States, Appellee",tabb:pdf:2,2020-02-06,observed_selected_counsel_not_exhaustive,"WON S. SHIN, Assistant United States 
Attorney (Geoffrey S. Berman, 
   United States Attorney for the Southern 
District of New York, David W. Denton, Jr., 
Rebekah Donaleski, Assistant United States 
Attorneys, on the brief), New York, NY  
 
FOR DEFENDANT‐APPELLANT:      RICHARD E. SIGNORELLI, Law Office of 
Richard"
counsel-04,tabb,RICHARD E. SIGNORELLI,"Zimmian Tabb, Defendant-Appellant",tabb:pdf:2,2020-02-06,observed_selected_counsel_not_exhaustive,"RICHARD E. SIGNORELLI, Law Office of 
Richard E. Signorelli, New York, NY  
 
_______________________ 
RAKOFF, District Judge:  
  
Zimmian Tabb appeals from a judgment of conviction entered on January 25, 
2018 and a Sentencing Order entered on January 26, 2018 in the United States 
District Court for the Southern Dis"
counsel-05,brown,"Robert L. Wiggins, Jr.",Appellants (group as identified by court),brown:pdf:1,2015-05-11,observed_selected_counsel_not_exhaustive,"Robert L. Wiggins, Jr., WIGGINS, CHILDS, QUINN & 
PANTAZIS LLC, Birmingham, Alabama, for Appellants.  Lisa Schiavo 
Blatt, ARNOLD & PORTER LLP, Washington, D.C., for Appellees.  ON 
BRIEF: Armand Derfner, D. Peters Wilborn, Jr., DERFNER, ALTMAN & 
WILBORN, Charleston, South Carolina; Ann K. Wiggins, WIGGINS, 
CHILDS, Q"
counsel-06,brown,Lisa Schiavo Blatt,Appellees (group as identified by court),brown:pdf:1,2015-05-11,observed_selected_counsel_not_exhaustive,"Lisa Schiavo 
Blatt, ARNOLD & PORTER LLP, Washington, D.C., for Appellees.  ON 
BRIEF: Armand Derfner, D. Peters Wilborn, Jr., DERFNER, ALTMAN & 
WILBORN, Charleston, South Carolina; Ann K. Wiggins, WIGGINS, 
CHILDS, QUINN & PANTAZIS LLC, Birmingham, Alabama, for 
Appellants.  Cary A. Farris, John K. Linker, J. Shannon"
counsel-07,black-rehearing,Adedayo Idowu,"Carol Williams Black, Petitioner-Appellee",black-rehearing:pdf:3,2025-10-24,observed_selected_counsel_not_exhaustive,"Adedayo Idowu, Law Offices of Adedayo O. Idowu, New  
York, NY, for Carol Williams Black, Petitioner-Appellee. 
 
AMY BELSHER (Guadalupe Aguirre, Terry Ding, Christopher 
Dunn, on the brief), New York Civil Liberties Union  
Foundation, New York, NY, as Amicus Curiae for Carol 
Williams Black, Petitioner-Appellee. 
 
M"
counsel-08,black-rehearing,JULIE DONA,"Keisy G.M., Petitioner-Appellant",black-rehearing:pdf:3,2025-10-24,observed_selected_counsel_not_exhaustive,"JULIE DONA (Aadhithi Padmanabhan, Laura Kokotailo, on the 
brief), The Legal Aid Society, New York, NY; Estelle  M. 
McKee, Fei Deng, Student Counsel, Jordyn Manly,  Student 
Counsel, Emma Sprotbery, Student Counsel, on the brief , 
Asylum and Convention Against Torture  Clinic, Cornell 
Law School, Ithaca, NY, for Kei"
nasir:counsel-status,nasir,\N,\N,\N,2021-11-08,not_assessed_no_pacer_attempted,\N
havis-reconsideration:counsel-status,havis-reconsideration,\N,\N,\N,2019-07-12,not_assessed_no_pacer_attempted,\N
bennett:counsel-status,bennett,\N,\N,\N,2011-09-22,not_assessed_no_pacer_attempted,\N
chatrie:counsel-status,chatrie,\N,\N,\N,2025-04-30,not_assessed_no_pacer_attempted,\N
chatrie-rehearing:counsel-status,chatrie-rehearing,\N,\N,\N,2024-11-01,not_assessed_no_pacer_attempted,\N
smith:counsel-status,smith,\N,\N,\N,2024-08-09,not_assessed_no_pacer_attempted,\N
munoz-panel:counsel-status,munoz-panel,\N,\N,\N,2022-10-05,not_assessed_no_pacer_attempted,\N
munoz-rehearing:counsel-status,munoz-rehearing,\N,\N,\N,2023-07-14,not_assessed_no_pacer_attempted,\N
munoz-scotus:counsel-status,munoz-scotus,\N,\N,\N,2024-06-21,not_assessed_no_pacer_attempted,\N
hansen-panel:counsel-status,hansen-panel,\N,\N,\N,2022-02-10,not_assessed_no_pacer_attempted,\N
hansen-rehearing:counsel-status,hansen-rehearing,\N,\N,\N,2022-07-25,not_assessed_no_pacer_attempted,\N
hansen-scotus:counsel-status,hansen-scotus,\N,\N,\N,2023-06-23,not_assessed_no_pacer_attempted,\N
kennedy-panel:counsel-status,kennedy-panel,\N,\N,\N,2021-03-18,not_assessed_no_pacer_attempted,\N
kennedy-rehearing:counsel-status,kennedy-rehearing,\N,\N,\N,2021-07-19,not_assessed_no_pacer_attempted,\N
kennedy-scotus:counsel-status,kennedy-scotus,\N,\N,\N,2022-06-27,not_assessed_no_pacer_attempted,\N
aybar:counsel-status,aybar,\N,\N,\N,2021-10-07,not_assessed_no_pacer_attempted,\N
mallory-scotus:counsel-status,mallory-scotus,\N,\N,\N,2023-06-27,not_assessed_no_pacer_attempted,\N
ny-doj-rehearing:counsel-status,ny-doj-rehearing,\N,\N,\N,2020-07-13,not_assessed_no_pacer_attempted,\N
graham:counsel-status,graham,\N,\N,\N,2023-03-08,not_assessed_no_pacer_attempted,\N
taylor:counsel-status,taylor,\N,\N,\N,2022-06-21,not_assessed_no_pacer_attempted,\N
cobra-amended:counsel-status,cobra-amended,\N,\N,\N,2014-01-29,not_assessed_no_pacer_attempted,\N
hirschfeld-vacatur:counsel-status,hirschfeld-vacatur,\N,\N,\N,2021-09-22,not_in_document_manual_text_review_no_pacer_attempted,\N
hirschfeld-panel:counsel-status,hirschfeld-panel,\N,\N,\N,2021-07-15,not_assessed_no_pacer_attempted,\N
vmg:counsel-status,vmg,\N,\N,\N,2016-06-02,not_assessed_no_pacer_attempted,\N
bridgeport:counsel-status,bridgeport,\N,\N,\N,2005-06-03,not_assessed_no_pacer_attempted,\N
philadelphia:counsel-status,philadelphia,\N,\N,\N,2019-02-15,not_assessed_no_pacer_attempted,\N
ny-doj-panel:counsel-status,ny-doj-panel,\N,\N,\N,2020-02-26,not_assessed_no_pacer_attempted,\N
cobra-original:counsel-status,cobra-original,\N,\N,\N,2014-01-27,not_assessed_no_pacer_attempted,\N
german-santos:counsel-status,german-santos,\N,\N,\N,2020-07-07,not_assessed_no_pacer_attempted,\N
mallory-pa:counsel-status,mallory-pa,\N,\N,\N,2021-12-22,not_assessed_no_pacer_attempted,\N
