court_id,name,court_level,jurisdiction,listing_url
ca2,United States Court of Appeals for the Second Circuit,federal_appellate,Second federal circuit,https://ww3.ca2.uscourts.gov/decisions.html
ca3,United States Court of Appeals for the Third Circuit,federal_appellate,Third federal circuit,\N
ca4,United States Court of Appeals for the Fourth Circuit,federal_appellate,Fourth federal circuit,\N
ca5,United States Court of Appeals for the Fifth Circuit,federal_appellate,Fifth federal circuit,\N
ca6,United States Court of Appeals for the Sixth Circuit,federal_appellate,Sixth federal circuit,\N
ca8,United States Court of Appeals for the Eighth Circuit,federal_appellate,Eighth federal circuit,\N
ca9,United States Court of Appeals for the Ninth Circuit,federal_appellate,Ninth federal circuit,\N
nycoa,New York Court of Appeals,state_highest,New York,\N
pasc,Supreme Court of Pennsylvania,state_highest,Pennsylvania,\N
scotus,Supreme Court of the United States,supreme_court,United States,\N
