link_id,source_document_id,target_document_id,relationship,qualification
cobra-amended:amends:cobra-original,cobra-amended,cobra-original,amends,Source-scoped historical linkage; not comprehensive treatment research.
hirschfeld-vacatur:vacates:hirschfeld-panel,hirschfeld-vacatur,hirschfeld-panel,vacates,Source-scoped historical linkage; not comprehensive treatment research.
chatrie:follows_rehearing:chatrie-rehearing,chatrie,chatrie-rehearing,follows_rehearing,Source-scoped historical linkage; not comprehensive treatment research.
munoz-scotus:reverses:munoz-panel,munoz-scotus,munoz-panel,reverses,Source-scoped historical linkage; not comprehensive treatment research.
hansen-scotus:reverses:hansen-panel,hansen-scotus,hansen-panel,reverses,Source-scoped historical linkage; not comprehensive treatment research.
kennedy-scotus:reverses:kennedy-panel,kennedy-scotus,kennedy-panel,reverses,Source-scoped historical linkage; not comprehensive treatment research.
mallory-scotus:vacates_and_remands:mallory-pa,mallory-scotus,mallory-pa,vacates_and_remands,Source-scoped historical linkage; not comprehensive treatment research.
munoz-rehearing:denies_rehearing:munoz-panel,munoz-rehearing,munoz-panel,denies_rehearing,Source-scoped historical linkage; not comprehensive treatment research.
hansen-rehearing:denies_rehearing:hansen-panel,hansen-rehearing,hansen-panel,denies_rehearing,Source-scoped historical linkage; not comprehensive treatment research.
kennedy-rehearing:denies_rehearing:kennedy-panel,kennedy-rehearing,kennedy-panel,denies_rehearing,Source-scoped historical linkage; not comprehensive treatment research.
ny-doj-rehearing:denies_rehearing:ny-doj-panel,ny-doj-rehearing,ny-doj-panel,denies_rehearing,Source-scoped historical linkage; not comprehensive treatment research.
