attribute_key,source_id,native_path,tag,vr,value_json,bulk_data_uri,inline_binary,native_json
synthetic-dicom/00080016,synthetic-dicom,/00080016,00080016,UI,"[""1.2.840.10008.5.1.4.1.1.7""]",\N,\N,"{""vr"":""UI"",""Value"":[""1.2.840.10008.5.1.4.1.1.7""]}"
synthetic-dicom/00080018,synthetic-dicom,/00080018,00080018,UI,"[""2.25.555001""]",\N,\N,"{""vr"":""UI"",""Value"":[""2.25.555001""]}"
synthetic-dicom/0020000D,synthetic-dicom,/0020000D,0020000D,UI,"[""2.25.555010""]",\N,\N,"{""vr"":""UI"",""Value"":[""2.25.555010""]}"
synthetic-dicom/0020000E,synthetic-dicom,/0020000E,0020000E,UI,"[""2.25.555020""]",\N,\N,"{""vr"":""UI"",""Value"":[""2.25.555020""]}"
synthetic-dicom/00080060,synthetic-dicom,/00080060,00080060,CS,"[""OT""]",\N,\N,"{""vr"":""CS"",""Value"":[""OT""]}"
synthetic-dicom/00100010,synthetic-dicom,/00100010,00100010,PN,"[{""Alphabetic"":""SYNTHETIC^UMF""}]",\N,\N,"{""vr"":""PN"",""Value"":[{""Alphabetic"":""SYNTHETIC^UMF""}]}"
synthetic-dicom/00100020,synthetic-dicom,/00100020,00100020,LO,"[""umf-synthetic-only""]",\N,\N,"{""vr"":""LO"",""Value"":[""umf-synthetic-only""]}"
synthetic-dicom/00080020,synthetic-dicom,/00080020,00080020,DA,"[""20260103""]",\N,\N,"{""vr"":""DA"",""Value"":[""20260103""]}"
synthetic-dicom/00200011,synthetic-dicom,/00200011,00200011,IS,[1],\N,\N,"{""vr"":""IS"",""Value"":[1]}"
synthetic-dicom/00200013,synthetic-dicom,/00200013,00200013,IS,[1],\N,\N,"{""vr"":""IS"",""Value"":[1]}"
synthetic-dicom/00280010,synthetic-dicom,/00280010,00280010,US,[4],\N,\N,"{""vr"":""US"",""Value"":[4]}"
synthetic-dicom/00280011,synthetic-dicom,/00280011,00280011,US,[4],\N,\N,"{""vr"":""US"",""Value"":[4]}"
synthetic-dicom/00280002,synthetic-dicom,/00280002,00280002,US,[1],\N,\N,"{""vr"":""US"",""Value"":[1]}"
synthetic-dicom/00280004,synthetic-dicom,/00280004,00280004,CS,"[""MONOCHROME2""]",\N,\N,"{""vr"":""CS"",""Value"":[""MONOCHROME2""]}"
synthetic-dicom/00280100,synthetic-dicom,/00280100,00280100,US,[8],\N,\N,"{""vr"":""US"",""Value"":[8]}"
synthetic-dicom/00280101,synthetic-dicom,/00280101,00280101,US,[8],\N,\N,"{""vr"":""US"",""Value"":[8]}"
synthetic-dicom/00280102,synthetic-dicom,/00280102,00280102,US,[7],\N,\N,"{""vr"":""US"",""Value"":[7]}"
synthetic-dicom/00280103,synthetic-dicom,/00280103,00280103,US,[0],\N,\N,"{""vr"":""US"",""Value"":[0]}"
synthetic-dicom/7FE00010,synthetic-dicom,/7FE00010,7FE00010,OW,\N,\N,AAECAwQFBgcICQoLDA0ODw==,"{""vr"":""OW"",""InlineBinary"":""AAECAwQFBgcICQoLDA0ODw==""}"
synthetic-dicom/00110010,synthetic-dicom,/00110010,00110010,LO,"[""UMF_SYNTHETIC""]",\N,\N,"{""vr"":""LO"",""Value"":[""UMF_SYNTHETIC""]}"
synthetic-dicom/00111001,synthetic-dicom,/00111001,00111001,LO,"[""unknown private meaning retained""]",\N,\N,"{""vr"":""LO"",""Value"":[""unknown private meaning retained""]}"
synthetic-dicom/00111010,synthetic-dicom,/00111010,00111010,SQ,"[{""00110010"":{""vr"":""LO"",""Value"":[""UMF_SYNTHETIC""]},""00111002"":{""vr"":""DS"",""Value"":[1.25,2.5]}}]",\N,\N,"{""vr"":""SQ"",""Value"":[{""00110010"":{""vr"":""LO"",""Value"":[""UMF_SYNTHETIC""]},""00111002"":{""vr"":""DS"",""Value"":[1.25,2.5]}}]}"
synthetic-dicom/00111010/Value/0/00110010,synthetic-dicom,/00111010/Value/0/00110010,00110010,LO,"[""UMF_SYNTHETIC""]",\N,\N,"{""vr"":""LO"",""Value"":[""UMF_SYNTHETIC""]}"
synthetic-dicom/00111010/Value/0/00111002,synthetic-dicom,/00111010/Value/0/00111002,00111002,DS,"[1.25,2.5]",\N,\N,"{""vr"":""DS"",""Value"":[1.25,2.5]}"
tcia-lidc-0001-ct/00080005,tcia-lidc-0001-ct,/00080005,00080005,CS,"[""ISO_IR 100""]",\N,\N,"{""vr"":""CS"",""Value"":[""ISO_IR 100""]}"
tcia-lidc-0001-ct/00080008,tcia-lidc-0001-ct,/00080008,00080008,CS,"[""ORIGINAL"",""PRIMARY"",""AXIAL""]",\N,\N,"{""vr"":""CS"",""Value"":[""ORIGINAL"",""PRIMARY"",""AXIAL""]}"
tcia-lidc-0001-ct/00080016,tcia-lidc-0001-ct,/00080016,00080016,UI,"[""1.2.840.10008.5.1.4.1.1.2""]",\N,\N,"{""vr"":""UI"",""Value"":[""1.2.840.10008.5.1.4.1.1.2""]}"
tcia-lidc-0001-ct/00080018,tcia-lidc-0001-ct,/00080018,00080018,UI,"[""1.3.6.1.4.1.14519.5.2.1.6279.6001.143451261327128179989900675595""]",\N,\N,"{""vr"":""UI"",""Value"":[""1.3.6.1.4.1.14519.5.2.1.6279.6001.143451261327128179989900675595""]}"
tcia-lidc-0001-ct/00080020,tcia-lidc-0001-ct,/00080020,00080020,DA,"[""20000101""]",\N,\N,"{""vr"":""DA"",""Value"":[""20000101""]}"
tcia-lidc-0001-ct/00080021,tcia-lidc-0001-ct,/00080021,00080021,DA,"[""20000101""]",\N,\N,"{""vr"":""DA"",""Value"":[""20000101""]}"
tcia-lidc-0001-ct/00080022,tcia-lidc-0001-ct,/00080022,00080022,DA,"[""20000101""]",\N,\N,"{""vr"":""DA"",""Value"":[""20000101""]}"
tcia-lidc-0001-ct/00080023,tcia-lidc-0001-ct,/00080023,00080023,DA,"[""20000101""]",\N,\N,"{""vr"":""DA"",""Value"":[""20000101""]}"
tcia-lidc-0001-ct/00080024,tcia-lidc-0001-ct,/00080024,00080024,DA,"[""20000101""]",\N,\N,"{""vr"":""DA"",""Value"":[""20000101""]}"
tcia-lidc-0001-ct/00080025,tcia-lidc-0001-ct,/00080025,00080025,DA,"[""20000101""]",\N,\N,"{""vr"":""DA"",""Value"":[""20000101""]}"
tcia-lidc-0001-ct/0008002A,tcia-lidc-0001-ct,/0008002A,0008002A,DT,"[""20000101""]",\N,\N,"{""vr"":""DT"",""Value"":[""20000101""]}"
tcia-lidc-0001-ct/00080030,tcia-lidc-0001-ct,/00080030,00080030,TM,\N,\N,\N,"{""vr"":""TM""}"
tcia-lidc-0001-ct/00080032,tcia-lidc-0001-ct,/00080032,00080032,TM,\N,\N,\N,"{""vr"":""TM""}"
tcia-lidc-0001-ct/00080033,tcia-lidc-0001-ct,/00080033,00080033,TM,\N,\N,\N,"{""vr"":""TM""}"
tcia-lidc-0001-ct/00080050,tcia-lidc-0001-ct,/00080050,00080050,SH,\N,\N,\N,"{""vr"":""SH""}"
tcia-lidc-0001-ct/00080060,tcia-lidc-0001-ct,/00080060,00080060,CS,"[""CT""]",\N,\N,"{""vr"":""CS"",""Value"":[""CT""]}"
tcia-lidc-0001-ct/00080070,tcia-lidc-0001-ct,/00080070,00080070,LO,"[""GE MEDICAL SYSTEMS""]",\N,\N,"{""vr"":""LO"",""Value"":[""GE MEDICAL SYSTEMS""]}"
tcia-lidc-0001-ct/00080090,tcia-lidc-0001-ct,/00080090,00080090,PN,\N,\N,\N,"{""vr"":""PN""}"
tcia-lidc-0001-ct/00081090,tcia-lidc-0001-ct,/00081090,00081090,LO,"[""LightSpeed Plus""]",\N,\N,"{""vr"":""LO"",""Value"":[""LightSpeed Plus""]}"
tcia-lidc-0001-ct/00081155,tcia-lidc-0001-ct,/00081155,00081155,UI,"[""1.3.6.1.4.1.14519.5.2.1.6279.6001.675906998158803995297223798692""]",\N,\N,"{""vr"":""UI"",""Value"":[""1.3.6.1.4.1.14519.5.2.1.6279.6001.675906998158803995297223798692""]}"
tcia-lidc-0001-ct/00100010,tcia-lidc-0001-ct,/00100010,00100010,PN,\N,\N,\N,"{""vr"":""PN""}"
tcia-lidc-0001-ct/00100020,tcia-lidc-0001-ct,/00100020,00100020,LO,"[""LIDC-IDRI-0001""]",\N,\N,"{""vr"":""LO"",""Value"":[""LIDC-IDRI-0001""]}"
tcia-lidc-0001-ct/00100030,tcia-lidc-0001-ct,/00100030,00100030,DA,\N,\N,\N,"{""vr"":""DA""}"
tcia-lidc-0001-ct/00100040,tcia-lidc-0001-ct,/00100040,00100040,CS,\N,\N,\N,"{""vr"":""CS""}"
tcia-lidc-0001-ct/00101010,tcia-lidc-0001-ct,/00101010,00101010,AS,\N,\N,\N,"{""vr"":""AS""}"
tcia-lidc-0001-ct/001021D0,tcia-lidc-0001-ct,/001021D0,001021D0,DA,"[""20000101""]",\N,\N,"{""vr"":""DA"",""Value"":[""20000101""]}"
tcia-lidc-0001-ct/00120062,tcia-lidc-0001-ct,/00120062,00120062,CS,"[""YES""]",\N,\N,"{""vr"":""CS"",""Value"":[""YES""]}"
tcia-lidc-0001-ct/00120063,tcia-lidc-0001-ct,/00120063,00120063,LO,"[""DCM:113100/113105/113107/113108/113109/113111""]",\N,\N,"{""vr"":""LO"",""Value"":[""DCM:113100/113105/113107/113108/113109/113111""]}"
tcia-lidc-0001-ct/00130010,tcia-lidc-0001-ct,/00130010,00130010,LO,"[""CTP""]",\N,\N,"{""vr"":""LO"",""Value"":[""CTP""]}"
tcia-lidc-0001-ct/00131010,tcia-lidc-0001-ct,/00131010,00131010,LO,"[""LIDC-IDRI""]",\N,\N,"{""vr"":""LO"",""Value"":[""LIDC-IDRI""]}"
tcia-lidc-0001-ct/00131013,tcia-lidc-0001-ct,/00131013,00131013,LO,"[""62796001""]",\N,\N,"{""vr"":""LO"",""Value"":[""62796001""]}"
tcia-lidc-0001-ct/00180010,tcia-lidc-0001-ct,/00180010,00180010,LO,"[""IV""]",\N,\N,"{""vr"":""LO"",""Value"":[""IV""]}"
tcia-lidc-0001-ct/00180015,tcia-lidc-0001-ct,/00180015,00180015,CS,"[""CHEST""]",\N,\N,"{""vr"":""CS"",""Value"":[""CHEST""]}"
tcia-lidc-0001-ct/00180022,tcia-lidc-0001-ct,/00180022,00180022,CS,"[""HELICAL MODE""]",\N,\N,"{""vr"":""CS"",""Value"":[""HELICAL MODE""]}"
tcia-lidc-0001-ct/00180050,tcia-lidc-0001-ct,/00180050,00180050,DS,[2.5],\N,\N,"{""vr"":""DS"",""Value"":[2.5]}"
tcia-lidc-0001-ct/00180060,tcia-lidc-0001-ct,/00180060,00180060,DS,[120.0],\N,\N,"{""vr"":""DS"",""Value"":[120.0]}"
tcia-lidc-0001-ct/00180090,tcia-lidc-0001-ct,/00180090,00180090,DS,[500.0],\N,\N,"{""vr"":""DS"",""Value"":[500.0]}"
tcia-lidc-0001-ct/00181020,tcia-lidc-0001-ct,/00181020,00181020,LO,"[""LightSpeedApps2.4.2_H2.4M5""]",\N,\N,"{""vr"":""LO"",""Value"":[""LightSpeedApps2.4.2_H2.4M5""]}"
tcia-lidc-0001-ct/00181100,tcia-lidc-0001-ct,/00181100,00181100,DS,[360.0],\N,\N,"{""vr"":""DS"",""Value"":[360.0]}"
tcia-lidc-0001-ct/00181110,tcia-lidc-0001-ct,/00181110,00181110,DS,[949.075012],\N,\N,"{""vr"":""DS"",""Value"":[949.075012]}"
tcia-lidc-0001-ct/00181111,tcia-lidc-0001-ct,/00181111,00181111,DS,[541.0],\N,\N,"{""vr"":""DS"",""Value"":[541.0]}"
tcia-lidc-0001-ct/00181120,tcia-lidc-0001-ct,/00181120,00181120,DS,[0.0],\N,\N,"{""vr"":""DS"",""Value"":[0.0]}"
tcia-lidc-0001-ct/00181130,tcia-lidc-0001-ct,/00181130,00181130,DS,[144.399994],\N,\N,"{""vr"":""DS"",""Value"":[144.399994]}"
tcia-lidc-0001-ct/00181140,tcia-lidc-0001-ct,/00181140,00181140,CS,"[""CW""]",\N,\N,"{""vr"":""CS"",""Value"":[""CW""]}"
tcia-lidc-0001-ct/00181150,tcia-lidc-0001-ct,/00181150,00181150,IS,[570],\N,\N,"{""vr"":""IS"",""Value"":[570]}"
tcia-lidc-0001-ct/00181151,tcia-lidc-0001-ct,/00181151,00181151,IS,[400],\N,\N,"{""vr"":""IS"",""Value"":[400]}"
tcia-lidc-0001-ct/00181152,tcia-lidc-0001-ct,/00181152,00181152,IS,[4684],\N,\N,"{""vr"":""IS"",""Value"":[4684]}"
tcia-lidc-0001-ct/00181160,tcia-lidc-0001-ct,/00181160,00181160,SH,"[""BODY FILTER""]",\N,\N,"{""vr"":""SH"",""Value"":[""BODY FILTER""]}"
tcia-lidc-0001-ct/00181170,tcia-lidc-0001-ct,/00181170,00181170,IS,[48000],\N,\N,"{""vr"":""IS"",""Value"":[48000]}"
tcia-lidc-0001-ct/00181190,tcia-lidc-0001-ct,/00181190,00181190,DS,[1.2],\N,\N,"{""vr"":""DS"",""Value"":[1.2]}"
tcia-lidc-0001-ct/00181210,tcia-lidc-0001-ct,/00181210,00181210,SH,"[""STANDARD""]",\N,\N,"{""vr"":""SH"",""Value"":[""STANDARD""]}"
tcia-lidc-0001-ct/00185100,tcia-lidc-0001-ct,/00185100,00185100,CS,"[""FFS""]",\N,\N,"{""vr"":""CS"",""Value"":[""FFS""]}"
tcia-lidc-0001-ct/0020000D,tcia-lidc-0001-ct,/0020000D,0020000D,UI,"[""1.3.6.1.4.1.14519.5.2.1.6279.6001.298806137288633453246975630178""]",\N,\N,"{""vr"":""UI"",""Value"":[""1.3.6.1.4.1.14519.5.2.1.6279.6001.298806137288633453246975630178""]}"
tcia-lidc-0001-ct/0020000E,tcia-lidc-0001-ct,/0020000E,0020000E,UI,"[""1.3.6.1.4.1.14519.5.2.1.6279.6001.179049373636438705059720603192""]",\N,\N,"{""vr"":""UI"",""Value"":[""1.3.6.1.4.1.14519.5.2.1.6279.6001.179049373636438705059720603192""]}"
tcia-lidc-0001-ct/00200010,tcia-lidc-0001-ct,/00200010,00200010,SH,\N,\N,\N,"{""vr"":""SH""}"
tcia-lidc-0001-ct/00200011,tcia-lidc-0001-ct,/00200011,00200011,IS,[3000566],\N,\N,"{""vr"":""IS"",""Value"":[3000566]}"
tcia-lidc-0001-ct/00200013,tcia-lidc-0001-ct,/00200013,00200013,IS,[80],\N,\N,"{""vr"":""IS"",""Value"":[80]}"
tcia-lidc-0001-ct/00200032,tcia-lidc-0001-ct,/00200032,00200032,DS,"[-166.0,-171.699997,-207.5]",\N,\N,"{""vr"":""DS"",""Value"":[-166.0,-171.699997,-207.5]}"
tcia-lidc-0001-ct/00200037,tcia-lidc-0001-ct,/00200037,00200037,DS,"[1.0,0.0,0.0,0.0,1.0,0.0]",\N,\N,"{""vr"":""DS"",""Value"":[1.0,0.0,0.0,0.0,1.0,0.0]}"
tcia-lidc-0001-ct/00200052,tcia-lidc-0001-ct,/00200052,00200052,UI,"[""1.3.6.1.4.1.14519.5.2.1.6279.6001.229925374658226729607867499499""]",\N,\N,"{""vr"":""UI"",""Value"":[""1.3.6.1.4.1.14519.5.2.1.6279.6001.229925374658226729607867499499""]}"
tcia-lidc-0001-ct/00201040,tcia-lidc-0001-ct,/00201040,00201040,LO,"[""SN""]",\N,\N,"{""vr"":""LO"",""Value"":[""SN""]}"
tcia-lidc-0001-ct/00201041,tcia-lidc-0001-ct,/00201041,00201041,DS,[-207.5],\N,\N,"{""vr"":""DS"",""Value"":[-207.5]}"
tcia-lidc-0001-ct/00280002,tcia-lidc-0001-ct,/00280002,00280002,US,[1],\N,\N,"{""vr"":""US"",""Value"":[1]}"
tcia-lidc-0001-ct/00280004,tcia-lidc-0001-ct,/00280004,00280004,CS,"[""MONOCHROME2""]",\N,\N,"{""vr"":""CS"",""Value"":[""MONOCHROME2""]}"
tcia-lidc-0001-ct/00280010,tcia-lidc-0001-ct,/00280010,00280010,US,[512],\N,\N,"{""vr"":""US"",""Value"":[512]}"
tcia-lidc-0001-ct/00280011,tcia-lidc-0001-ct,/00280011,00280011,US,[512],\N,\N,"{""vr"":""US"",""Value"":[512]}"
tcia-lidc-0001-ct/00280030,tcia-lidc-0001-ct,/00280030,00280030,DS,"[0.703125,0.703125]",\N,\N,"{""vr"":""DS"",""Value"":[0.703125,0.703125]}"
tcia-lidc-0001-ct/00280100,tcia-lidc-0001-ct,/00280100,00280100,US,[16],\N,\N,"{""vr"":""US"",""Value"":[16]}"
tcia-lidc-0001-ct/00280101,tcia-lidc-0001-ct,/00280101,00280101,US,[16],\N,\N,"{""vr"":""US"",""Value"":[16]}"
tcia-lidc-0001-ct/00280102,tcia-lidc-0001-ct,/00280102,00280102,US,[15],\N,\N,"{""vr"":""US"",""Value"":[15]}"
tcia-lidc-0001-ct/00280103,tcia-lidc-0001-ct,/00280103,00280103,US,[1],\N,\N,"{""vr"":""US"",""Value"":[1]}"
tcia-lidc-0001-ct/00280120,tcia-lidc-0001-ct,/00280120,00280120,US,[63536],\N,\N,"{""vr"":""US"",""Value"":[63536]}"
tcia-lidc-0001-ct/00280303,tcia-lidc-0001-ct,/00280303,00280303,CS,"[""MODIFIED""]",\N,\N,"{""vr"":""CS"",""Value"":[""MODIFIED""]}"
tcia-lidc-0001-ct/00281050,tcia-lidc-0001-ct,/00281050,00281050,DS,[-600.0],\N,\N,"{""vr"":""DS"",""Value"":[-600.0]}"
tcia-lidc-0001-ct/00281051,tcia-lidc-0001-ct,/00281051,00281051,DS,[1600.0],\N,\N,"{""vr"":""DS"",""Value"":[1600.0]}"
tcia-lidc-0001-ct/00281052,tcia-lidc-0001-ct,/00281052,00281052,DS,[-1024.0],\N,\N,"{""vr"":""DS"",""Value"":[-1024.0]}"
tcia-lidc-0001-ct/00281053,tcia-lidc-0001-ct,/00281053,00281053,DS,[1.0],\N,\N,"{""vr"":""DS"",""Value"":[1.0]}"
tcia-lidc-0001-ct/00380020,tcia-lidc-0001-ct,/00380020,00380020,DA,"[""20000101""]",\N,\N,"{""vr"":""DA"",""Value"":[""20000101""]}"
tcia-lidc-0001-ct/00400002,tcia-lidc-0001-ct,/00400002,00400002,DA,"[""20000101""]",\N,\N,"{""vr"":""DA"",""Value"":[""20000101""]}"
tcia-lidc-0001-ct/00400004,tcia-lidc-0001-ct,/00400004,00400004,DA,"[""20000101""]",\N,\N,"{""vr"":""DA"",""Value"":[""20000101""]}"
tcia-lidc-0001-ct/00400244,tcia-lidc-0001-ct,/00400244,00400244,DA,"[""20000101""]",\N,\N,"{""vr"":""DA"",""Value"":[""20000101""]}"
tcia-lidc-0001-ct/00402016,tcia-lidc-0001-ct,/00402016,00402016,LO,\N,\N,\N,"{""vr"":""LO""}"
tcia-lidc-0001-ct/00402017,tcia-lidc-0001-ct,/00402017,00402017,LO,\N,\N,\N,"{""vr"":""LO""}"
tcia-lidc-0001-ct/0040A075,tcia-lidc-0001-ct,/0040A075,0040A075,PN,"[{""Alphabetic"":""Removed by CTP""}]",\N,\N,"{""vr"":""PN"",""Value"":[{""Alphabetic"":""Removed by CTP""}]}"
tcia-lidc-0001-ct/0040A123,tcia-lidc-0001-ct,/0040A123,0040A123,PN,"[{""Alphabetic"":""Removed by CTP""}]",\N,\N,"{""vr"":""PN"",""Value"":[{""Alphabetic"":""Removed by CTP""}]}"
tcia-lidc-0001-ct/0040A124,tcia-lidc-0001-ct,/0040A124,0040A124,UI,"[""1.3.6.1.4.1.14519.5.2.1.6279.6001.335419887712224178340067932923""]",\N,\N,"{""vr"":""UI"",""Value"":[""1.3.6.1.4.1.14519.5.2.1.6279.6001.335419887712224178340067932923""]}"
tcia-lidc-0001-ct/00700084,tcia-lidc-0001-ct,/00700084,00700084,PN,\N,\N,\N,"{""vr"":""PN""}"
tcia-lidc-0001-ct/00880140,tcia-lidc-0001-ct,/00880140,00880140,UI,"[""1.3.6.1.4.1.14519.5.2.1.6279.6001.211790042620307056609660772296""]",\N,\N,"{""vr"":""UI"",""Value"":[""1.3.6.1.4.1.14519.5.2.1.6279.6001.211790042620307056609660772296""]}"
tcia-lidc-0001-ct/7FE00010,tcia-lidc-0001-ct,/7FE00010,7FE00010,OW,\N,sources/tcia-lidc-0001-ct.dcm#tag-7FE00010,\N,"{""vr"":""OW"",""BulkDataURI"":""sources/tcia-lidc-0001-ct.dcm#tag-7FE00010""}"
