"id","name","source_id"
"0000320193","Apple Inc.","submissions-0000320193"
"0000789019","MICROSOFT CORP","submissions-0000789019"
"0001652044","Alphabet Inc.","submissions-0001652044"
"0001018724","AMAZON COM INC","submissions-0001018724"
"0001326801","Meta Platforms, Inc.","submissions-0001326801"
"0001045810","NVIDIA CORP","submissions-0001045810"
"0000019617","JPMORGAN CHASE & CO","submissions-0000019617"
"0001403161","VISA INC.","submissions-0001403161"
"0000070858","BANK OF AMERICA CORP /DE/","submissions-0000070858"
"0000034088","EXXON MOBIL CORP","submissions-0000034088"
"0000093410","CHEVRON CORP","submissions-0000093410"
"0000200406","JOHNSON & JOHNSON","submissions-0000200406"
"0001318605","Tesla, Inc.","submissions-0001318605"
"0000731766","UNITEDHEALTH GROUP INC","submissions-0000731766"
"0000080424","PROCTER & GAMBLE Co","submissions-0000080424"
"0000021344","COCA COLA CO","submissions-0000021344"
"0000858877","CISCO SYSTEMS, INC.","submissions-0000858877"
"0000063908","MCDONALDS CORP","submissions-0000063908"
"0000040545","GENERAL ELECTRIC CO","submissions-0000040545"
"0000886982","GOLDMAN SACHS GROUP INC","submissions-0000886982"
"0000831001","CITIGROUP INC","submissions-0000831001"
"0001067983","BERKSHIRE HATHAWAY INC","submissions-0001067983"
"0001108524","Salesforce, Inc.","submissions-0001108524"
"0000004962","AMERICAN EXPRESS CO","submissions-0000004962"
"0000077476","PEPSICO INC","submissions-0000077476"
