"id","universe_id","company_id","selected_at","basis"
"[""selected-25"",""0000320193""]","selected-25","0000320193","2026-10-09","Explicit cross-sector research selection; no S&P membership claim."
"[""selected-25"",""0000789019""]","selected-25","0000789019","2026-10-09","Explicit cross-sector research selection; no S&P membership claim."
"[""selected-25"",""0001652044""]","selected-25","0001652044","2026-10-09","Explicit cross-sector research selection; no S&P membership claim."
"[""selected-25"",""0001018724""]","selected-25","0001018724","2026-10-09","Explicit cross-sector research selection; no S&P membership claim."
"[""selected-25"",""0001326801""]","selected-25","0001326801","2026-10-09","Explicit cross-sector research selection; no S&P membership claim."
"[""selected-25"",""0001045810""]","selected-25","0001045810","2026-10-09","Explicit cross-sector research selection; no S&P membership claim."
"[""selected-25"",""0000019617""]","selected-25","0000019617","2026-10-09","Explicit cross-sector research selection; no S&P membership claim."
"[""selected-25"",""0001403161""]","selected-25","0001403161","2026-10-09","Explicit cross-sector research selection; no S&P membership claim."
"[""selected-25"",""0000070858""]","selected-25","0000070858","2026-10-09","Explicit cross-sector research selection; no S&P membership claim."
"[""selected-25"",""0000034088""]","selected-25","0000034088","2026-10-09","Explicit cross-sector research selection; no S&P membership claim."
"[""selected-25"",""0000093410""]","selected-25","0000093410","2026-10-09","Explicit cross-sector research selection; no S&P membership claim."
"[""selected-25"",""0000200406""]","selected-25","0000200406","2026-10-09","Explicit cross-sector research selection; no S&P membership claim."
"[""selected-25"",""0001318605""]","selected-25","0001318605","2026-10-09","Explicit cross-sector research selection; no S&P membership claim."
"[""selected-25"",""0000731766""]","selected-25","0000731766","2026-10-09","Explicit cross-sector research selection; no S&P membership claim."
"[""selected-25"",""0000080424""]","selected-25","0000080424","2026-10-09","Explicit cross-sector research selection; no S&P membership claim."
"[""selected-25"",""0000021344""]","selected-25","0000021344","2026-10-09","Explicit cross-sector research selection; no S&P membership claim."
"[""selected-25"",""0000858877""]","selected-25","0000858877","2026-10-09","Explicit cross-sector research selection; no S&P membership claim."
"[""selected-25"",""0000063908""]","selected-25","0000063908","2026-10-09","Explicit cross-sector research selection; no S&P membership claim."
"[""selected-25"",""0000040545""]","selected-25","0000040545","2026-10-09","Explicit cross-sector research selection; no S&P membership claim."
"[""selected-25"",""0000886982""]","selected-25","0000886982","2026-10-09","Explicit cross-sector research selection; no S&P membership claim."
"[""selected-25"",""0000831001""]","selected-25","0000831001","2026-10-09","Explicit cross-sector research selection; no S&P membership claim."
"[""selected-25"",""0001067983""]","selected-25","0001067983","2026-10-09","Explicit cross-sector research selection; no S&P membership claim."
"[""selected-25"",""0001108524""]","selected-25","0001108524","2026-10-09","Explicit cross-sector research selection; no S&P membership claim."
"[""selected-25"",""0000004962""]","selected-25","0000004962","2026-10-09","Explicit cross-sector research selection; no S&P membership claim."
"[""selected-25"",""0000077476""]","selected-25","0000077476","2026-10-09","Explicit cross-sector research selection; no S&P membership claim."
